"ID_Mon","ID_CTDT"
"120","1"
"120","2"
"120","3"
"120","4"
"120","5"
"120","6"
"120","7"
"120","8"
"120","9"
"120","10"
"120","11"
"120","12"
"120","13"
"120","14"
"120","15"
"120","17"
"120","18"
"120","19"
"120","20"
"120","21"
"120","22"
"120","23"
"120","24"
"120","25"
"120","26"
"120","27"
"120","28"
"120","29"
"120","30"
"120","31"
"120","38"
"120","39"
"120","40"
"120","41"
"120","42"
"120","43"
"120","44"
"120","45"
"120","46"
"120","47"
"120","48"
"121","1"
"121","2"
"121","3"
"121","5"
"121","6"
"121","7"
"121","8"
"121","10"
"121","11"
"121","12"
"121","13"
"121","14"
"121","15"
"121","16"
"121","17"
"121","18"
"121","19"
"121","20"
"121","21"
"121","22"
"121","23"
"121","24"
"121","25"
"121","26"
"121","27"
"121","28"
"121","29"
"121","30"
"121","31"
"121","38"
"121","39"
"121","40"
"121","41"
"121","42"
"121","43"
"121","44"
"121","45"
"121","46"
"121","47"
"121","48"
"122","1"
"122","2"
"122","3"
"122","5"
"122","6"
"122","7"
"122","8"
"122","10"
"122","11"
"122","12"
"122","13"
"122","14"
"122","15"
"122","16"
"122","17"
"122","18"
"122","19"
"122","20"
"122","21"
"122","22"
"122","23"
"122","24"
"122","25"
"122","26"
"122","27"
"122","28"
"122","29"
"122","30"
"122","31"
"122","38"
"122","39"
"122","40"
"122","41"
"122","42"
"122","43"
"122","44"
"122","45"
"122","46"
"122","47"
"122","48"
"123","1"
"123","2"
"123","3"
"123","5"
"123","6"
"123","7"
"123","8"
"123","10"
"123","11"
"123","12"
"123","13"
"123","14"
"123","15"
"123","17"
"123","18"
"123","19"
"123","20"
"123","21"
"123","22"
"123","23"
"123","24"
"123","25"
"123","26"
"123","27"
"123","28"
"123","29"
"123","30"
"123","31"
"123","38"
"123","39"
"123","40"
"123","41"
"123","42"
"123","43"
"123","44"
"123","45"
"123","46"
"123","47"
"123","48"
"124","1"
"124","2"
"124","3"
"124","5"
"124","6"
"124","7"
"124","8"
"124","10"
"124","11"
"124","12"
"124","13"
"124","14"
"124","15"
"124","17"
"124","18"
"124","19"
"124","20"
"124","21"
"124","22"
"124","23"
"124","24"
"124","25"
"124","26"
"124","27"
"124","28"
"124","29"
"124","30"
"124","31"
"124","38"
"124","39"
"124","40"
"124","41"
"124","42"
"124","43"
"124","44"
"124","45"
"124","46"
"124","47"
"124","48"
"125","1"
"125","2"
"125","3"
"125","4"
"125","5"
"125","6"
"125","7"
"125","9"
"125","10"
"125","14"
"125","15"
"125","17"
"125","18"
"125","19"
"125","20"
"125","21"
"125","22"
"125","23"
"125","24"
"125","25"
"125","26"
"125","27"
"125","28"
"125","29"
"125","30"
"125","31"
"125","38"
"125","39"
"125","40"
"125","41"
"125","42"
"125","43"
"125","44"
"125","45"
"125","46"
"125","47"
"125","48"
"126","5"
"126","6"
"126","7"
"126","24"
"126","29"
"127","5"
"127","6"
"127","7"
"127","24"
"127","29"
"128","5"
"128","6"
"128","7"
"128","10"
"128","11"
"128","12"
"128","13"
"128","14"
"128","15"
"128","17"
"128","18"
"128","19"
"128","20"
"128","21"
"128","23"
"128","25"
"128","27"
"128","29"
"128","31"
"128","38"
"128","41"
"128","42"
"128","45"
"128","46"
"128","48"
"129","5"
"129","6"
"130","2"
"130","3"
"130","5"
"130","6"
"130","7"
"130","8"
"130","10"
"130","11"
"130","12"
"130","13"
"130","14"
"130","15"
"130","17"
"130","18"
"130","19"
"130","20"
"130","21"
"130","22"
"130","23"
"130","24"
"130","25"
"130","26"
"130","27"
"130","28"
"130","29"
"130","30"
"130","31"
"130","38"
"130","39"
"130","40"
"130","41"
"130","42"
"130","43"
"130","44"
"130","45"
"130","46"
"130","47"
"130","48"
"131","2"
"131","3"
"131","5"
"131","6"
"131","7"
"131","8"
"131","10"
"131","11"
"131","12"
"131","13"
"131","14"
"131","15"
"131","17"
"131","18"
"131","19"
"131","20"
"131","21"
"131","22"
"131","23"
"131","24"
"131","25"
"131","26"
"131","27"
"131","28"
"131","29"
"131","30"
"131","31"
"131","38"
"131","39"
"131","40"
"131","41"
"131","42"
"131","43"
"131","44"
"131","45"
"131","46"
"131","47"
"131","48"
"132","2"
"132","3"
"132","5"
"132","6"
"132","7"
"132","8"
"132","10"
"132","11"
"132","12"
"132","13"
"132","14"
"132","15"
"132","17"
"132","18"
"132","19"
"132","20"
"132","21"
"132","22"
"132","23"
"132","24"
"132","25"
"132","26"
"132","27"
"132","28"
"132","29"
"132","30"
"132","31"
"132","38"
"132","39"
"132","40"
"132","42"
"132","43"
"132","44"
"132","45"
"132","46"
"132","47"
"132","48"
"133","5"
"133","6"
"133","7"
"133","29"
"133","30"
"134","5"
"134","6"
"134","7"
"134","29"
"134","30"
"135","5"
"135","6"
"135","7"
"135","29"
"135","30"
"136","5"
"136","6"
"136","29"
"137","5"
"137","6"
"137","29"
"138","5"
"138","6"
"138","7"
"138","29"
"138","30"
"139","5"
"139","6"
"139","29"
"139","30"
"140","5"
"140","6"
"141","5"
"141","6"
"141","29"
"142","5"
"142","6"
"142","7"
"143","5"
"143","6"
"144","5"
"144","6"
"145","5"
"145","6"
"145","7"
"145","29"
"146","5"
"146","6"
"147","5"
"147","6"
"147","29"
"147","30"
"148","5"
"148","6"
"148","29"
"149","5"
"149","6"
"149","29"
"150","5"
"150","6"
"151","5"
"151","6"
"151","7"
"151","29"
"151","30"
"152","5"
"152","6"
"153","5"
"153","6"
"154","5"
"154","6"
"154","29"
"155","5"
"155","6"
"156","5"
"156","6"
"156","29"
"157","5"
"157","6"
"158","5"
"158","6"
"159","5"
"159","6"
"160","5"
"160","6"
"161","5"
"161","6"
"162","5"
"162","6"
"163","5"
"163","6"
"163","16"
"163","17"
"163","30"
"164","5"
"164","6"
"164","7"
"164","30"
"165","3"
"165","5"
"165","6"
"165","7"
"165","16"
"165","17"
"165","18"
"165","19"
"165","20"
"165","21"
"165","29"
"165","30"
"165","38"
"165","41"
"166","5"
"166","6"
"166","7"
"166","29"
"166","41"
"167","5"
"167","6"
"167","7"
"167","30"
"168","5"
"168","6"
"168","30"
"169","3"
"169","5"
"169","6"
"169","7"
"169","30"
"169","41"
"170","5"
"170","6"
"170","7"
"171","5"
"171","6"
"171","7"
"171","29"
"171","30"
"172","5"
"172","6"
"172","7"
"172","30"
"173","5"
"173","6"
"174","5"
"174","6"
"174","7"
"174","30"
"175","5"
"175","6"
"175","30"
"176","5"
"176","6"
"176","29"
"176","30"
"177","5"
"177","6"
"178","5"
"178","6"
"179","5"
"179","6"
"179","7"
"179","30"
"180","5"
"180","6"
"181","5"
"181","6"
"181","29"
"182","5"
"182","6"
"182","7"
"182","30"
"183","11"
"183","12"
"183","13"
"184","2"
"184","10"
"184","11"
"184","12"
"184","13"
"184","14"
"184","15"
"184","17"
"184","18"
"184","22"
"184","23"
"184","24"
"184","25"
"184","26"
"184","28"
"184","31"
"184","38"
"184","39"
"184","41"
"184","42"
"184","45"
"184","46"
"184","48"
"185","2"
"185","10"
"185","11"
"185","12"
"185","13"
"185","14"
"185","15"
"185","17"
"185","18"
"185","22"
"185","23"
"185","24"
"185","25"
"185","28"
"185","31"
"185","38"
"185","39"
"185","42"
"185","45"
"185","46"
"185","48"
"186","2"
"186","10"
"186","11"
"186","12"
"186","13"
"186","14"
"186","15"
"186","17"
"186","18"
"186","22"
"186","23"
"186","24"
"186","25"
"186","28"
"186","31"
"186","38"
"186","39"
"186","42"
"186","45"
"186","46"
"186","48"
"187","2"
"187","10"
"187","11"
"187","12"
"187","13"
"187","14"
"187","15"
"187","16"
"187","17"
"187","18"
"187","21"
"187","22"
"187","23"
"187","24"
"187","25"
"187","28"
"187","31"
"187","38"
"187","39"
"187","42"
"187","45"
"187","46"
"187","48"
"188","9"
"188","10"
"188","11"
"188","12"
"188","13"
"188","14"
"188","15"
"188","17"
"188","18"
"188","19"
"188","20"
"188","21"
"188","23"
"188","24"
"188","25"
"188","26"
"188","27"
"188","28"
"188","31"
"188","38"
"188","40"
"188","41"
"188","42"
"188","43"
"188","44"
"188","45"
"188","46"
"188","48"
"189","9"
"189","10"
"189","11"
"189","12"
"189","13"
"189","14"
"189","15"
"189","17"
"189","18"
"189","19"
"189","20"
"189","21"
"189","23"
"189","24"
"189","25"
"189","26"
"189","27"
"189","28"
"189","31"
"189","38"
"189","40"
"189","41"
"189","42"
"189","45"
"189","46"
"189","48"
"190","11"
"190","12"
"190","13"
"190","24"
"191","9"
"191","10"
"191","11"
"191","12"
"191","13"
"191","14"
"191","15"
"191","17"
"191","18"
"191","19"
"191","20"
"191","21"
"191","23"
"191","25"
"191","26"
"191","27"
"191","28"
"191","31"
"191","38"
"191","40"
"191","41"
"191","42"
"191","45"
"191","46"
"191","48"
"192","11"
"192","12"
"192","13"
"192","41"
"193","11"
"193","12"
"193","13"
"193","27"
"194","11"
"194","12"
"194","13"
"195","11"
"195","12"
"196","11"
"196","12"
"196","13"
"197","11"
"197","12"
"197","13"
"198","11"
"198","12"
"198","20"
"198","21"
"198","27"
"199","11"
"199","12"
"199","13"
"200","11"
"200","12"
"200","13"
"200","38"
"201","11"
"201","12"
"201","13"
"201","18"
"202","11"
"202","12"
"202","13"
"203","11"
"203","12"
"203","13"
"204","11"
"204","12"
"204","13"
"205","11"
"205","12"
"205","13"
"206","11"
"206","12"
"206","13"
"207","11"
"207","12"
"207","13"
"207","18"
"208","11"
"208","12"
"208","13"
"209","11"
"209","12"
"209","13"
"210","11"
"210","12"
"211","12"
"212","12"
"213","11"
"213","12"
"214","11"
"214","12"
"215","12"
"216","11"
"216","12"
"217","11"
"217","12"
"218","12"
"219","11"
"219","12"
"220","11"
"220","12"
"221","11"
"221","12"
"222","12"
"223","12"
"223","13"
"224","12"
"225","12"
"225","13"
"226","12"
"226","13"
"227","10"
"227","11"
"227","12"
"227","13"
"227","14"
"227","15"
"227","19"
"227","20"
"227","21"
"227","22"
"227","23"
"227","25"
"227","26"
"227","27"
"227","28"
"227","39"
"227","40"
"227","41"
"227","42"
"227","43"
"227","44"
"227","45"
"227","48"
"228","10"
"228","11"
"228","12"
"228","13"
"228","14"
"228","15"
"228","16"
"228","17"
"228","18"
"228","19"
"228","20"
"228","21"
"228","23"
"228","25"
"228","26"
"228","27"
"228","28"
"228","30"
"228","31"
"228","39"
"228","40"
"228","41"
"228","42"
"228","43"
"228","44"
"228","45"
"228","46"
"228","47"
"228","48"
"229","2"
"229","10"
"229","11"
"229","12"
"229","13"
"229","14"
"229","15"
"229","16"
"229","17"
"229","19"
"229","20"
"229","21"
"229","22"
"229","23"
"229","25"
"229","26"
"229","27"
"229","31"
"229","38"
"229","39"
"229","40"
"229","41"
"229","42"
"229","43"
"229","44"
"229","45"
"229","46"
"229","47"
"229","48"
"230","3"
"230","10"
"230","11"
"230","12"
"230","13"
"230","14"
"230","15"
"230","16"
"230","17"
"230","19"
"230","20"
"230","21"
"230","22"
"230","23"
"230","25"
"230","27"
"230","29"
"230","31"
"230","39"
"230","41"
"230","43"
"230","44"
"230","45"
"230","46"
"230","47"
"230","48"
"231","2"
"231","8"
"231","10"
"231","11"
"231","12"
"231","13"
"231","14"
"231","15"
"231","16"
"231","20"
"231","21"
"231","22"
"231","23"
"231","25"
"231","27"
"231","39"
"231","41"
"231","43"
"231","44"
"231","45"
"231","46"
"231","47"
"231","48"
"232","2"
"232","10"
"232","11"
"232","12"
"232","13"
"232","14"
"232","15"
"232","16"
"232","20"
"232","21"
"232","22"
"232","23"
"232","25"
"232","27"
"232","31"
"232","39"
"232","41"
"232","43"
"232","44"
"232","45"
"232","46"
"232","47"
"232","48"
"233","3"
"233","10"
"233","11"
"233","12"
"233","13"
"233","14"
"233","15"
"233","19"
"233","20"
"233","21"
"233","23"
"233","25"
"233","27"
"233","31"
"233","39"
"233","40"
"233","41"
"233","43"
"233","44"
"233","45"
"233","46"
"233","47"
"233","48"
"234","3"
"234","7"
"234","10"
"234","11"
"234","12"
"234","13"
"234","14"
"234","15"
"234","16"
"234","17"
"234","18"
"234","19"
"234","20"
"234","21"
"234","22"
"234","23"
"234","25"
"234","27"
"234","29"
"234","31"
"234","38"
"234","39"
"234","40"
"234","41"
"234","42"
"234","45"
"234","46"
"234","47"
"234","48"
"235","2"
"235","3"
"235","10"
"235","11"
"235","12"
"235","13"
"235","14"
"235","15"
"235","20"
"235","21"
"235","22"
"235","23"
"235","25"
"235","27"
"235","31"
"235","39"
"235","40"
"235","41"
"235","43"
"235","44"
"235","45"
"235","46"
"235","47"
"235","48"
"236","3"
"236","10"
"236","11"
"236","12"
"236","13"
"236","14"
"236","15"
"236","16"
"236","17"
"236","18"
"236","19"
"236","20"
"236","21"
"236","22"
"236","23"
"236","25"
"236","27"
"236","28"
"236","29"
"236","31"
"236","38"
"236","39"
"236","40"
"236","41"
"236","42"
"236","43"
"236","44"
"236","45"
"236","46"
"236","47"
"236","48"
"237","3"
"237","10"
"237","11"
"237","12"
"237","13"
"237","14"
"237","15"
"237","16"
"237","17"
"237","18"
"237","19"
"237","20"
"237","21"
"237","23"
"237","25"
"237","26"
"237","27"
"237","28"
"237","31"
"237","38"
"237","39"
"237","40"
"237","41"
"237","42"
"237","43"
"237","44"
"237","45"
"237","46"
"237","47"
"237","48"
"238","2"
"238","3"
"238","10"
"238","11"
"238","12"
"238","13"
"238","14"
"238","15"
"238","16"
"238","17"
"238","18"
"238","19"
"238","20"
"238","21"
"238","23"
"238","25"
"238","27"
"238","31"
"238","38"
"238","39"
"238","40"
"238","41"
"238","42"
"238","43"
"238","44"
"238","45"
"238","46"
"238","47"
"238","48"
"239","11"
"239","12"
"240","12"
"241","12"
"242","11"
"242","12"
"243","30"
"244","30"
"245","30"
"246","9"
"246","24"
"246","30"
"246","39"
"247","30"
"248","7"
"248","30"
"249","3"
"249","30"
"250","29"
"250","30"
"251","30"
"252","30"
"253","26"
"253","28"
"253","30"
"253","40"
"254","30"
"255","30"
"256","3"
"256","30"
"256","41"
"257","30"
"258","30"
"259","30"
"260","29"
"260","30"
"261","30"
"262","30"
"263","30"
"264","30"
"265","30"
"266","30"
"267","7"
"267","30"
"268","29"
"268","30"
"269","30"
"270","30"
"271","5"
"271","6"
"271","7"
"272","7"
"273","7"
"274","7"
"274","29"
"275","7"
"276","7"
"277","7"
"278","7"
"279","7"
"280","7"
"281","7"
"282","7"
"283","7"
"284","7"
"285","7"
"286","7"
"287","7"
"288","7"
"289","7"
"290","7"
"291","7"
"292","7"
"293","7"
"294","7"
"295","7"
"296","7"
"297","7"
"298","7"
"299","7"
"300","7"
"301","7"
"302","7"
"302","29"
"303","7"
"304","7"
"304","29"
"305","29"
"306","19"
"306","20"
"306","26"
"306","27"
"306","28"
"306","29"
"306","31"
"306","40"
"307","29"
"307","38"
"308","29"
"309","29"
"310","29"
"311","29"
"312","29"
"313","29"
"314","29"
"315","29"
"315","47"
"316","17"
"316","29"
"316","38"
"316","42"
"317","29"
"318","29"
"319","29"
"319","38"
"320","29"
"321","29"
"322","29"
"323","29"
"324","29"
"325","29"
"326","29"
"327","29"
"328","29"
"328","38"
"329","29"
"330","29"
"331","29"
"332","14"
"332","15"
"332","16"
"332","17"
"332","18"
"332","19"
"332","20"
"332","21"
"332","25"
"332","26"
"332","27"
"332","28"
"332","38"
"332","40"
"332","42"
"332","45"
"332","46"
"332","48"
"333","16"
"333","17"
"333","18"
"333","38"
"333","42"
"334","16"
"334","17"
"334","18"
"334","38"
"334","42"
"335","16"
"335","17"
"335","18"
"335","38"
"335","42"
"336","10"
"336","14"
"336","15"
"336","16"
"336","17"
"336","18"
"336","19"
"336","20"
"336","21"
"336","23"
"336","25"
"336","26"
"336","27"
"336","28"
"336","31"
"336","38"
"336","40"
"336","41"
"336","42"
"336","45"
"336","46"
"336","48"
"337","9"
"337","10"
"337","14"
"337","15"
"337","16"
"337","17"
"337","18"
"337","19"
"337","20"
"337","21"
"337","23"
"337","25"
"337","26"
"337","27"
"337","28"
"337","31"
"337","38"
"337","40"
"337","41"
"337","42"
"337","45"
"337","46"
"337","48"
"338","16"
"338","17"
"339","16"
"339","17"
"339","18"
"339","38"
"339","42"
"340","16"
"341","16"
"342","16"
"342","38"
"343","16"
"343","17"
"344","16"
"344","17"
"344","19"
"344","20"
"345","16"
"345","17"
"345","42"
"346","16"
"346","17"
"346","18"
"346","19"
"346","38"
"347","16"
"347","42"
"348","16"
"349","16"
"350","16"
"351","16"
"352","16"
"353","16"
"354","16"
"355","16"
"355","17"
"356","2"
"356","16"
"356","31"
"356","47"
"357","16"
"357","17"
"357","18"
"357","19"
"358","16"
"358","17"
"358","18"
"358","19"
"358","20"
"358","21"
"358","26"
"359","16"
"359","17"
"359","18"
"359","42"
"360","16"
"361","16"
"361","17"
"362","16"
"362","17"
"362","18"
"362","19"
"362","26"
"362","40"
"362","42"
"363","16"
"363","17"
"363","19"
"364","2"
"364","16"
"364","17"
"364","19"
"364","42"
"365","16"
"365","17"
"365","18"
"366","16"
"366","38"
"367","16"
"367","18"
"367","38"
"368","16"
"368","17"
"369","16"
"369","17"
"369","18"
"370","16"
"370","17"
"371","16"
"371","17"
"371","18"
"372","16"
"372","17"
"373","16"
"374","16"
"375","16"
"375","17"
"376","16"
"376","17"
"376","19"
"376","31"
"377","16"
"377","17"
"377","42"
"378","16"
"378","17"
"379","16"
"380","15"
"380","16"
"380","17"
"380","19"
"380","20"
"380","42"
"380","48"
"381","16"
"381","17"
"382","16"
"382","17"
"382","42"
"383","17"
"383","18"
"383","42"
"384","10"
"384","14"
"384","15"
"384","17"
"384","18"
"384","19"
"384","20"
"384","21"
"384","23"
"384","25"
"384","27"
"384","31"
"384","38"
"384","42"
"384","45"
"384","46"
"384","48"
"385","17"
"385","18"
"385","38"
"385","42"
"386","17"
"386","18"
"387","17"
"387","18"
"387","38"
"387","42"
"388","17"
"388","18"
"388","38"
"388","42"
"389","17"
"389","42"
"390","17"
"390","18"
"390","19"
"390","38"
"390","42"
"391","17"
"392","17"
"393","17"
"394","17"
"395","17"
"396","17"
"397","17"
"398","17"
"399","17"
"399","42"
"400","17"
"400","18"
"400","38"
"401","17"
"402","17"
"403","17"
"404","17"
"404","42"
"405","17"
"406","17"
"407","17"
"408","17"
"408","18"
"408","38"
"409","17"
"410","17"
"411","17"
"412","17"
"413","17"
"414","17"
"415","17"
"415","18"
"415","38"
"416","17"
"417","17"
"417","18"
"417","38"
"418","17"
"418","18"
"419","18"
"420","18"
"421","18"
"422","18"
"422","38"
"422","42"
"423","18"
"424","18"
"425","18"
"426","18"
"427","18"
"428","18"
"429","18"
"430","18"
"431","18"
"431","38"
"431","42"
"432","18"
"433","18"
"434","18"
"435","18"
"436","18"
"437","18"
"438","18"
"439","18"
"440","18"
"440","38"
"440","42"
"441","18"
"441","38"
"441","42"
"442","18"
"443","18"
"444","18"
"445","18"
"446","18"
"447","18"
"448","11"
"448","13"
"448","18"
"448","38"
"449","22"
"450","22"
"451","22"
"452","22"
"453","22"
"454","22"
"455","22"
"456","22"
"457","22"
"458","22"
"459","22"
"460","22"
"461","22"
"462","22"
"463","22"
"464","22"
"465","22"
"466","22"
"467","22"
"468","22"
"469","22"
"470","22"
"471","22"
"472","22"
"473","22"
"474","22"
"475","22"
"476","22"
"477","22"
"478","22"
"479","22"
"480","22"
"481","22"
"482","22"
"483","22"
"484","22"
"485","22"
"486","22"
"487","22"
"488","22"
"489","22"
"490","22"
"491","22"
"492","22"
"493","22"
"494","22"
"495","22"
"496","22"
"497","22"
"498","22"
"499","22"
"500","22"
"501","22"
"502","22"
"503","22"
"504","22"
"505","22"
"506","22"
"507","22"
"508","38"
"509","38"
"510","38"
"511","38"
"512","38"
"513","38"
"514","38"
"515","38"
"516","38"
"517","38"
"518","38"
"519","38"
"520","38"
"521","38"
"522","38"
"523","38"
"524","38"
"525","38"
"526","38"
"527","38"
"528","38"
"529","38"
"530","38"
"531","38"
"532","38"
"533","38"
"534","38"
"535","42"
"536","42"
"537","42"
"538","42"
"539","42"
"540","42"
"541","42"
"542","42"
"543","42"
"544","42"
"545","42"
"546","42"
"547","42"
"548","42"
"549","42"
"550","42"
"551","42"
"552","42"
"553","42"
"554","42"
"555","42"
"556","42"
"557","42"
"558","42"
"559","42"
"560","42"
"561","42"
"562","42"
"563","42"
"564","42"
"565","42"
"566","19"
"567","19"
"568","19"
"568","20"
"569","19"
"569","20"
"570","19"
"571","19"
"571","20"
"572","19"
"572","20"
"572","21"
"573","19"
"574","19"
"575","19"
"576","19"
"577","19"
"578","19"
"579","19"
"580","19"
"581","19"
"582","19"
"583","19"
"584","19"
"585","19"
"586","19"
"587","19"
"588","19"
"589","19"
"590","19"
"590","20"
"590","21"
"591","19"
"591","20"
"591","21"
"591","24"
"592","19"
"592","20"
"592","21"
"592","24"
"593","19"
"594","19"
"594","20"
"595","19"
"595","20"
"595","21"
"596","19"
"597","19"
"598","19"
"599","19"
"600","19"
"601","19"
"602","19"
"603","19"
"604","19"
"605","19"
"606","19"
"607","19"
"608","19"
"609","19"
"610","19"
"611","19"
"611","20"
"612","2"
"612","4"
"612","19"
"612","20"
"612","27"
"612","31"
"613","19"
"614","19"
"615","20"
"615","21"
"616","20"
"617","20"
"617","21"
"618","20"
"618","21"
"619","20"
"619","21"
"620","20"
"621","20"
"622","20"
"623","20"
"624","20"
"625","20"
"626","20"
"627","20"
"628","20"
"629","20"
"630","20"
"631","20"
"632","20"
"633","20"
"634","20"
"635","20"
"636","20"
"637","20"
"638","20"
"639","20"
"640","20"
"641","20"
"641","24"
"642","20"
"643","20"
"644","20"
"644","21"
"645","15"
"645","20"
"645","48"
"646","20"
"647","15"
"647","20"
"647","48"
"648","20"
"648","21"
"649","15"
"649","20"
"649","48"
"650","15"
"650","20"
"651","20"
"652","15"
"652","20"
"653","21"
"654","10"
"654","21"
"654","23"
"654","24"
"654","25"
"654","39"
"655","21"
"655","23"
"656","21"
"657","21"
"657","24"
"657","25"
"657","39"
"658","21"
"659","21"
"660","21"
"661","21"
"662","21"
"663","21"
"664","21"
"665","21"
"666","21"
"666","23"
"666","24"
"666","25"
"667","21"
"668","21"
"669","21"
"670","21"
"670","25"
"671","21"
"672","21"
"673","21"
"674","21"
"675","21"
"675","24"
"675","25"
"676","21"
"677","21"
"678","21"
"679","21"
"680","21"
"681","21"
"682","21"
"683","21"
"684","21"
"685","21"
"686","21"
"687","21"
"688","10"
"688","21"
"688","23"
"688","25"
"688","39"
"689","21"
"690","26"
"690","40"
"691","1"
"691","26"
"691","28"
"691","40"
"691","41"
"692","26"
"693","26"
"694","26"
"694","40"
"695","26"
"696","26"
"697","26"
"698","26"
"699","26"
"700","26"
"701","26"
"702","26"
"702","27"
"703","26"
"703","27"
"704","26"
"705","26"
"706","26"
"707","26"
"707","28"
"708","26"
"708","40"
"709","26"
"710","26"
"711","26"
"712","26"
"712","28"
"713","26"
"714","26"
"715","26"
"716","26"
"717","26"
"717","28"
"718","26"
"719","26"
"720","26"
"721","26"
"722","26"
"723","26"
"724","26"
"725","26"
"726","26"
"727","26"
"728","26"
"729","26"
"730","26"
"731","26"
"732","26"
"733","26"
"734","26"
"735","26"
"736","26"
"737","26"
"738","26"
"739","26"
"740","26"
"741","26"
"742","26"
"743","26"
"744","26"
"745","26"
"746","26"
"747","26"
"748","26"
"749","26"
"750","26"
"751","26"
"752","26"
"753","26"
"754","26"
"755","26"
"756","26"
"757","26"
"758","26"
"758","40"
"759","26"
"760","26"
"760","40"
"761","26"
"761","40"
"762","26"
"762","40"
"763","26"
"763","28"
"763","40"
"764","27"
"764","28"
"764","40"
"765","27"
"765","28"
"765","40"
"766","28"
"767","28"
"768","28"
"769","28"
"770","28"
"771","28"
"772","28"
"773","28"
"774","27"
"774","28"
"775","28"
"776","28"
"777","28"
"778","28"
"779","15"
"779","27"
"779","28"
"779","48"
"780","15"
"780","27"
"780","28"
"780","48"
"781","15"
"781","27"
"781","28"
"781","48"
"782","28"
"783","28"
"784","28"
"785","28"
"786","28"
"787","28"
"787","40"
"788","28"
"789","28"
"790","28"
"791","15"
"791","28"
"791","48"
"792","28"
"793","28"
"794","28"
"795","28"
"796","28"
"797","28"
"798","28"
"799","28"
"800","28"
"801","28"
"802","28"
"803","28"
"804","28"
"805","28"
"806","28"
"807","28"
"808","14"
"808","28"
"808","45"
"808","46"
"808","48"
"809","14"
"809","28"
"810","25"
"810","28"
"811","28"
"812","28"
"813","28"
"814","28"
"815","28"
"815","40"
"816","28"
"816","40"
"817","28"
"818","28"
"819","28"
"820","27"
"820","40"
"821","27"
"821","40"
"822","40"
"823","40"
"824","40"
"825","40"
"826","40"
"827","40"
"828","40"
"829","40"
"830","40"
"831","40"
"832","40"
"833","40"
"834","40"
"835","40"
"836","40"
"837","40"
"838","40"
"839","40"
"840","40"
"841","40"
"842","40"
"843","40"
"844","40"
"845","40"
"846","40"
"847","40"
"848","40"
"849","40"
"850","40"
"851","40"
"852","40"
"853","40"
"854","40"
"855","40"
"856","40"
"857","40"
"858","40"
"859","40"
"860","40"
"861","40"
"862","40"
"863","40"
"864","40"
"865","40"
"866","40"
"867","40"
"868","40"
"869","40"
"870","40"
"871","40"
"872","40"
"873","40"
"874","40"
"875","40"
"876","40"
"877","40"
"878","40"
"879","3"
"879","47"
"880","3"
"881","3"
"882","3"
"883","3"
"884","3"
"885","3"
"885","41"
"886","3"
"887","3"
"888","3"
"889","3"
"890","3"
"891","3"
"891","41"
"892","3"
"893","3"
"894","3"
"895","3"
"896","3"
"897","3"
"898","3"
"899","3"
"900","3"
"901","3"
"902","3"
"903","3"
"904","3"
"905","3"
"906","3"
"907","3"
"908","3"
"909","3"
"910","3"
"911","3"
"912","3"
"913","3"
"914","3"
"915","3"
"916","3"
"917","3"
"917","31"
"918","2"
"918","3"
"919","3"
"920","3"
"921","3"
"922","3"
"923","3"
"924","3"
"925","3"
"926","3"
"927","3"
"928","3"
"929","3"
"930","3"
"931","3"
"932","3"
"932","41"
"933","3"
"934","2"
"934","3"
"935","2"
"935","3"
"936","2"
"936","3"
"936","31"
"937","2"
"937","3"
"937","31"
"938","2"
"938","3"
"939","2"
"939","3"
"940","2"
"940","3"
"941","2"
"941","3"
"941","31"
"942","3"
"942","41"
"943","3"
"944","3"
"945","3"
"946","41"
"947","41"
"948","41"
"949","41"
"950","41"
"951","41"
"952","41"
"953","41"
"954","41"
"955","41"
"956","41"
"957","41"
"958","41"
"959","41"
"960","41"
"961","41"
"962","41"
"963","41"
"964","41"
"965","41"
"966","41"
"967","41"
"968","41"
"969","41"
"970","41"
"971","41"
"972","41"
"973","41"
"974","41"
"975","41"
"976","41"
"977","41"
"978","41"
"979","41"
"980","41"
"981","41"
"982","41"
"983","41"
"984","41"
"985","41"
"986","41"
"987","41"
"988","41"
"989","41"
"990","41"
"991","41"
"992","41"
"993","41"
"994","41"
"995","41"
"996","41"
"997","41"
"998","41"
"999","41"
"1000","41"
"1001","41"
"1002","41"
"1003","41"
"1004","11"
"1004","13"
"1005","11"
"1005","13"
"1006","11"
"1006","13"
"1007","11"
"1007","13"
"1008","11"
"1009","11"
"1010","11"
"1011","11"
"1012","11"
"1013","11"
"1014","11"
"1015","11"
"1016","11"
"1016","13"
"1017","11"
"1018","11"
"1019","11"
"1020","11"
"1021","11"
"1022","11"
"1023","11"
"1024","11"
"1024","12"
"1024","13"
"1025","11"
"1026","11"
"1027","11"
"1028","11"
"1029","11"
"1029","12"
"1030","11"
"1031","11"
"1032","11"
"1033","11"
"1034","11"
"1035","11"
"1035","13"
"1036","11"
"1036","13"
"1037","11"
"1038","9"
"1038","10"
"1038","11"
"1038","12"
"1038","13"
"1038","23"
"1038","24"
"1038","25"
"1038","27"
"1038","39"
"1039","11"
"1039","12"
"1039","13"
"1039","24"
"1039","25"
"1040","11"
"1040","13"
"1041","11"
"1041","12"
"1041","13"
"1042","11"
"1042","13"
"1043","9"
"1043","10"
"1043","11"
"1043","13"
"1043","24"
"1044","11"
"1045","11"
"1045","13"
"1046","12"
"1047","12"
"1048","12"
"1049","12"
"1050","12"
"1051","12"
"1052","13"
"1053","13"
"1054","13"
"1055","13"
"1056","13"
"1057","13"
"1058","13"
"1059","13"
"1060","13"
"1061","13"
"1062","13"
"1063","13"
"1064","10"
"1064","23"
"1064","24"
"1065","10"
"1065","23"
"1065","25"
"1065","27"
"1066","9"
"1066","10"
"1067","9"
"1067","10"
"1067","23"
"1067","24"
"1067","25"
"1067","39"
"1068","10"
"1069","10"
"1069","23"
"1069","24"
"1069","25"
"1069","39"
"1070","9"
"1070","10"
"1070","23"
"1070","24"
"1070","25"
"1070","39"
"1071","9"
"1071","10"
"1072","9"
"1072","10"
"1073","9"
"1073","10"
"1074","10"
"1075","9"
"1075","10"
"1075","24"
"1075","25"
"1076","10"
"1077","9"
"1077","10"
"1078","10"
"1079","9"
"1079","10"
"1080","10"
"1081","10"
"1082","10"
"1083","10"
"1084","10"
"1085","9"
"1085","10"
"1085","23"
"1085","24"
"1085","25"
"1085","39"
"1086","10"
"1087","9"
"1087","10"
"1088","9"
"1088","10"
"1089","9"
"1089","10"
"1090","9"
"1090","10"
"1090","24"
"1091","10"
"1092","9"
"1092","10"
"1093","10"
"1094","10"
"1095","10"
"1096","10"
"1097","10"
"1098","10"
"1099","10"
"1100","10"
"1101","10"
"1102","10"
"1103","10"
"1104","10"
"1105","10"
"1106","10"
"1107","10"
"1108","10"
"1109","10"
"1109","39"
"1110","10"
"1111","10"
"1112","10"
"1113","10"
"1114","23"
"1114","25"
"1115","23"
"1116","23"
"1116","24"
"1116","25"
"1116","27"
"1116","39"
"1117","23"
"1117","25"
"1118","23"
"1119","23"
"1120","23"
"1121","23"
"1122","23"
"1123","23"
"1124","23"
"1125","23"
"1125","25"
"1126","23"
"1126","25"
"1127","23"
"1127","24"
"1127","25"
"1128","23"
"1128","24"
"1128","39"
"1129","23"
"1129","24"
"1129","25"
"1129","39"
"1130","23"
"1131","23"
"1132","23"
"1133","23"
"1134","23"
"1135","23"
"1136","23"
"1137","23"
"1138","23"
"1139","23"
"1139","39"
"1140","23"
"1141","23"
"1141","25"
"1142","23"
"1143","23"
"1144","23"
"1145","23"
"1146","23"
"1147","23"
"1148","23"
"1149","23"
"1150","23"
"1151","23"
"1152","23"
"1153","23"
"1154","23"
"1155","23"
"1156","23"
"1156","39"
"1157","23"
"1157","24"
"1158","23"
"1159","23"
"1160","23"
"1160","39"
"1161","23"
"1162","23"
"1163","23"
"1163","25"
"1164","23"
"1165","23"
"1166","23"
"1167","23"
"1168","24"
"1169","24"
"1169","39"
"1170","24"
"1171","9"
"1171","24"
"1171","39"
"1172","9"
"1172","24"
"1172","39"
"1173","9"
"1173","24"
"1173","39"
"1174","24"
"1174","39"
"1175","9"
"1175","24"
"1176","24"
"1177","24"
"1178","24"
"1179","24"
"1180","24"
"1181","24"
"1182","24"
"1182","39"
"1183","24"
"1184","24"
"1185","24"
"1186","24"
"1187","24"
"1187","39"
"1188","24"
"1189","24"
"1190","24"
"1191","24"
"1192","9"
"1192","24"
"1193","9"
"1193","24"
"1194","24"
"1195","24"
"1196","9"
"1196","24"
"1197","24"
"1198","24"
"1199","24"
"1200","24"
"1200","39"
"1201","24"
"1202","24"
"1203","24"
"1204","24"
"1205","24"
"1206","24"
"1207","24"
"1209","25"
"1210","25"
"1211","25"
"1212","25"
"1213","25"
"1214","25"
"1215","25"
"1216","25"
"1217","25"
"1218","25"
"1219","25"
"1220","25"
"1221","25"
"1222","25"
"1223","25"
"1224","25"
"1225","25"
"1226","25"
"1227","25"
"1228","25"
"1229","25"
"1230","25"
"1231","25"
"1232","25"
"1233","25"
"1234","25"
"1235","9"
"1235","25"
"1236","39"
"1237","39"
"1238","39"
"1239","9"
"1239","39"
"1240","39"
"1241","39"
"1242","39"
"1243","39"
"1244","39"
"1245","39"
"1246","39"
"1247","39"
"1248","39"
"1249","39"
"1250","39"
"1251","39"
"1252","39"
"1253","39"
"1254","39"
"1255","39"
"1256","39"
"1257","39"
"1258","39"
"1259","39"
"1260","39"
"1261","39"
"1262","39"
"1263","39"
"1264","39"
"1265","39"
"1266","39"
"1267","39"
"1268","39"
"1269","39"
"1270","39"
"1271","39"
"1272","39"
"1273","39"
"1274","39"
"1275","39"
"1276","39"
"1277","39"
"1278","39"
"1279","2"
"1280","2"
"1281","2"
"1282","2"
"1283","2"
"1284","2"
"1285","2"
"1286","2"
"1287","2"
"1288","2"
"1289","2"
"1290","2"
"1291","2"
"1292","2"
"1293","2"
"1294","2"
"1295","2"
"1296","2"
"1297","2"
"1298","2"
"1298","31"
"1299","2"
"1300","2"
"1301","2"
"1302","2"
"1303","2"
"1303","31"
"1304","2"
"1305","2"
"1306","2"
"1307","2"
"1308","2"
"1309","2"
"1310","2"
"1311","2"
"1312","2"
"1313","2"
"1314","2"
"1315","2"
"1316","2"
"1316","31"
"1317","2"
"1317","31"
"1318","2"
"1319","2"
"1320","31"
"1321","31"
"1322","31"
"1323","31"
"1324","31"
"1325","31"
"1326","31"
"1327","31"
"1328","31"
"1329","31"
"1330","31"
"1331","31"
"1332","31"
"1333","31"
"1334","31"
"1335","31"
"1336","31"
"1337","31"
"1338","31"
"1339","31"
"1340","31"
"1341","31"
"1342","31"
"1343","31"
"1344","31"
"1345","31"
"1346","31"
"1347","31"
"1348","31"
"1349","31"
"1350","31"
"1351","31"
"1352","31"
"1353","31"
"1354","31"
"1355","31"
"1356","31"
"1357","31"
"1358","31"
"1359","31"
"1360","31"
"1361","31"
"1362","31"
"1363","31"
"1364","31"
"1365","31"
"1366","27"
"1367","27"
"1368","27"
"1369","27"
"1370","27"
"1371","27"
"1372","27"
"1373","27"
"1374","27"
"1375","27"
"1376","27"
"1377","27"
"1378","27"
"1379","27"
"1380","27"
"1381","27"
"1382","27"
"1383","27"
"1384","27"
"1385","27"
"1386","27"
"1387","27"
"1388","27"
"1389","27"
"1390","27"
"1391","27"
"1392","27"
"1393","27"
"1394","27"
"1395","27"
"1396","27"
"1397","27"
"1398","27"
"1399","27"
"1400","27"
"1401","27"
"1402","27"
"1403","27"
"1404","27"
"1405","27"
"1406","27"
"1407","27"
"1408","27"
"1409","27"
"1410","27"
"1411","27"
"1412","27"
"1413","27"
"1414","27"
"1421","1"
"1422","1"
"1422","4"
"1423","1"
"1424","1"
"1425","1"
"1426","1"
"1427","1"
"1428","1"
"1429","1"
"1430","1"
"1431","1"
"1432","1"
"1433","1"
"1434","1"
"1435","1"
"1436","1"
"1437","1"
"1438","1"
"1439","1"
"1440","1"
"1441","1"
"1442","1"
"1443","1"
"1444","1"
"1445","1"
"1446","1"
"1447","1"
"1448","1"
"1449","1"
"1450","1"
"1451","1"
"1452","1"
"1453","1"
"1454","1"
"1455","1"
"1456","1"
"1457","1"
"1458","1"
"1459","1"
"1460","1"
"1461","1"
"1462","1"
"1463","1"
"1464","1"
"1465","1"
"1465","4"
"1466","14"
"1467","14"
"1467","15"
"1467","45"
"1467","46"
"1467","48"
"1468","14"
"1468","15"
"1468","45"
"1468","46"
"1468","48"
"1469","14"
"1469","43"
"1469","45"
"1469","46"
"1470","14"
"1470","15"
"1470","45"
"1470","46"
"1470","48"
"1471","14"
"1471","45"
"1471","46"
"1472","14"
"1472","45"
"1472","46"
"1473","14"
"1473","45"
"1473","48"
"1474","14"
"1474","45"
"1474","46"
"1475","14"
"1475","45"
"1475","46"
"1476","14"
"1477","14"
"1477","45"
"1477","46"
"1478","14"
"1478","46"
"1479","14"
"1480","14"
"1480","46"
"1481","14"
"1482","14"
"1482","46"
"1483","14"
"1484","14"
"1485","14"
"1486","14"
"1487","14"
"1488","14"
"1489","14"
"1490","14"
"1491","14"
"1491","45"
"1491","46"
"1491","48"
"1492","14"
"1492","43"
"1492","45"
"1492","46"
"1492","48"
"1493","14"
"1493","45"
"1493","46"
"1493","48"
"1494","14"
"1494","15"
"1494","45"
"1495","14"
"1495","45"
"1495","46"
"1495","48"
"1496","14"
"1497","14"
"1497","46"
"1497","48"
"1498","14"
"1498","46"
"1499","14"
"1499","45"
"1499","46"
"1499","48"
"1500","14"
"1501","14"
"1502","14"
"1503","14"
"1504","14"
"1505","14"
"1506","14"
"1507","14"
"1507","46"
"1507","48"
"1508","14"
"1509","14"
"1510","14"
"1511","15"
"1512","15"
"1513","15"
"1513","48"
"1514","15"
"1514","48"
"1515","15"
"1516","15"
"1516","48"
"1517","15"
"1518","15"
"1518","48"
"1519","15"
"1520","15"
"1521","15"
"1522","15"
"1522","48"
"1523","15"
"1523","48"
"1524","15"
"1524","48"
"1525","15"
"1525","48"
"1526","15"
"1527","15"
"1528","15"
"1529","15"
"1530","15"
"1531","15"
"1532","15"
"1533","15"
"1534","15"
"1535","15"
"1535","48"
"1536","15"
"1537","15"
"1538","15"
"1539","15"
"1540","15"
"1541","15"
"1542","15"
"1543","15"
"1544","15"
"1545","15"
"1545","48"
"1546","15"
"1546","48"
"1547","15"
"1547","48"
"1548","15"
"1548","48"
"1549","43"
"1550","43"
"1550","44"
"1551","43"
"1551","44"
"1552","43"
"1552","44"
"1553","43"
"1553","44"
"1554","43"
"1554","44"
"1555","43"
"1555","44"
"1556","43"
"1556","44"
"1557","43"
"1558","43"
"1559","43"
"1559","44"
"1560","43"
"1560","44"
"1561","43"
"1561","44"
"1562","43"
"1562","44"
"1563","43"
"1563","44"
"1564","43"
"1564","44"
"1565","43"
"1565","44"
"1566","43"
"1566","44"
"1567","43"
"1567","44"
"1568","43"
"1569","43"
"1569","44"
"1570","43"
"1571","43"
"1571","44"
"1572","43"
"1573","43"
"1574","43"
"1574","44"
"1575","43"
"1576","43"
"1576","44"
"1577","43"
"1577","44"
"1578","43"
"1579","43"
"1579","44"
"1580","43"
"1581","43"
"1582","43"
"1583","43"
"1584","43"
"1584","44"
"1585","43"
"1585","44"
"1586","43"
"1586","44"
"1587","43"
"1587","44"
"1588","43"
"1589","43"
"1590","43"
"1591","43"
"1592","43"
"1593","43"
"1594","43"
"1595","43"
"1596","43"
"1597","43"
"1597","44"
"1598","43"
"1598","44"
"1599","43"
"1600","43"
"1601","43"
"1602","43"
"1602","44"
"1603","43"
"1603","44"
"1604","43"
"1605","43"
"1606","43"
"1607","43"
"1607","45"
"1608","43"
"1609","43"
"1610","43"
"1611","43"
"1612","44"
"1613","44"
"1614","44"
"1615","44"
"1616","44"
"1617","44"
"1618","44"
"1619","44"
"1620","44"
"1621","44"
"1622","44"
"1623","44"
"1624","44"
"1625","44"
"1626","44"
"1627","44"
"1628","44"
"1629","44"
"1630","44"
"1631","44"
"1632","44"
"1633","44"
"1634","44"
"1635","44"
"1636","44"
"1637","44"
"1638","44"
"1639","44"
"1640","44"
"1641","44"
"1642","44"
"1643","44"
"1644","44"
"1645","44"
"1646","45"
"1647","45"
"1647","48"
"1648","45"
"1649","45"
"1650","45"
"1651","45"
"1652","45"
"1653","45"
"1654","45"
"1655","45"
"1656","45"
"1657","45"
"1658","45"
"1659","45"
"1660","45"
"1661","45"
"1662","45"
"1663","45"
"1663","48"
"1664","45"
"1665","45"
"1665","48"
"1666","45"
"1667","45"
"1668","45"
"1668","48"
"1669","45"
"1670","45"
"1670","48"
"1671","45"
"1671","48"
"1672","45"
"1673","45"
"1673","48"
"1674","45"
"1675","45"
"1675","48"
"1676","46"
"1677","46"
"1678","46"
"1679","46"
"1680","46"
"1681","46"
"1682","46"
"1683","46"
"1684","46"
"1685","46"
"1686","46"
"1687","46"
"1688","46"
"1689","46"
"1690","46"
"1691","46"
"1691","48"
"1692","46"
"1693","46"
"1694","46"
"1695","46"
"1696","46"
"1697","46"
"1698","46"
"1699","46"
"1700","46"
"1701","48"
"1702","48"
"1703","48"
"1704","48"
"1705","48"
"1706","48"
"1707","48"
"1708","48"
"1709","48"
"1710","48"
"1711","48"
"1712","48"
"1713","48"
"1714","48"
"1715","48"
"1716","48"
"1717","48"
"1950","8"
"1951","8"
"1952","8"
"1953","8"
"1954","8"
"1955","8"
"1956","8"
"1957","8"
"1958","8"
"1959","8"
"1960","8"
"1961","8"
"1962","8"
"1963","8"
"1964","8"
"1965","8"
"1966","8"
"1967","8"
"1968","8"
"1969","8"
"1970","8"
"1971","8"
"1972","8"
"1973","8"
"1974","8"
"1975","8"
"1976","8"
"1977","8"
"1978","8"
"1979","8"
"1980","8"
"1981","8"
"1982","8"
"1983","8"
"1984","8"
"1985","8"
"1986","8"
"1987","8"
"1988","8"
"1989","8"
"1990","8"
"1991","8"
"1992","8"
"1993","8"
"1994","8"
"1995","8"
"1996","8"
"1997","8"
"1998","8"
"1999","8"
"2000","8"
"2001","8"
"2002","8"
"2003","8"
"2004","8"
"2005","8"
"2006","8"
"2007","8"
"2008","8"
"2009","8"
"2010","4"
"2011","4"
"2012","4"
"2013","4"
"2014","4"
"2015","4"
"2016","4"
"2017","4"
"2018","4"
"2019","4"
"2020","4"
"2021","4"
"2022","4"
"2023","4"
"2024","4"
"2025","4"
"2026","4"
"2027","4"
"2028","4"
"2029","4"
"2030","4"
"2031","4"
"2032","4"
"2033","4"
"2034","4"
"2035","4"
"2036","4"
"2037","4"
"2038","4"
"2039","4"
"2040","4"
"2041","4"
"2042","4"
"2043","4"
"2044","4"
"2045","4"
"2046","4"
"2047","4"
"2048","4"
"2049","4"
"2050","4"
"2051","4"
"2052","4"
"2053","4"
"2054","9"
"2054","10"
"2055","9"
"2056","9"
"2057","9"
"2058","9"
"2059","9"
"2060","9"
"2061","9"
"2062","9"
"2063","9"
"2064","9"
"2064","10"
"2065","9"
"2066","9"
"2066","10"
"2067","9"
"2068","9"
"2068","10"
"2069","9"
"2069","10"
"2070","9"
"2072","47"
"2073","47"
"2074","47"
"2075","47"
"2076","47"
"2077","47"
"2078","47"
"2079","47"
"2080","47"
"2081","47"
"2082","47"
"2083","47"
"2084","47"
"2085","47"
"2086","47"
"2087","47"
"2088","47"
"2089","47"
"2090","47"
"2091","47"
"2092","47"
"2093","47"
"2094","47"
"2095","47"
"2096","47"
"2097","47"
"2098","47"
"2099","47"
"2100","47"
"2101","47"
"2102","47"
"2103","47"
"2104","47"
"2105","47"
"2106","47"
"2107","47"
"2108","47"
"2109","47"
"2110","47"
"2111","47"
"2112","47"
"2113","47"
"2114","47"
"2115","47"
"2116","47"
"2117","47"
"2118","47"
"2119","47"
"2120","47"
"2121","47"
"2122","47"
"2123","47"
"2124","47"
"2125","10"
"2126","10"
"2126","24"
"2127","10"
"2128","10"
"2129","24"
"2130","24"
"2131","24"
"2132","24"
"2133","24"
"2134","24"
"2135","24"
"2136","24"
"2137","24"
"2138","24"
"2139","24"
"2141","48"
"2142","48"
"2143","48"
"2144","48"
"2145","48"
"2146","41"
"2147","41"
"2148","41"
"2149","25"
"2150","25"
"2151","25"
"2152","25"
"2153","48"
"2154","48"
"2155","48"
"2156","48"
"2157","48"
"2158","48"
"2159","48"
"2160","48"
"2161","3"
"2162","3"
"2163","3"
"2164","3"
"2165","3"
"2166","3"
"2167","3"
"2168","3"
"2169","3"
"2170","3"
"2171","3"
"2172","3"
"2173","3"
"2174","3"
