"ID_Mon","ID_GiaoTrinh"
"120","4388"
"120","4859"
"120","4860"
"121","4394"
"121","4397"
"121","4398"
"121","4399"
"121","4401"
"121","4402"
"121","4403"
"122","4393"
"122","4415"
"122","4416"
"122","4417"
"123","4407"
"123","4409"
"123","4410"
"123","4411"
"123","4412"
"123","4413"
"123","4414"
"124","4418"
"124","4419"
"124","4420"
"125","4944"
"125","4947"
"125","4948"
"125","4952"
"126","244"
"126","3186"
"127","3190"
"127","3191"
"128","3194"
"128","3196"
"130","1182"
"131","1184"
"132","1193"
"132","1196"
"132","1198"
"132","1199"
"132","1202"
"132","1206"
"133","129"
"133","130"
"133","132"
"133","4710"
"133","4711"
"133","4838"
"134","119"
"134","120"
"134","121"
"134","122"
"134","123"
"134","128"
"134","131"
"134","133"
"135","140"
"135","142"
"135","155"
"135","763"
"135","3894"
"135","3962"
"135","4761"
"135","4762"
"135","4764"
"136","256"
"136","258"
"136","260"
"136","261"
"136","262"
"136","263"
"136","264"
"136","266"
"137","149"
"137","151"
"137","3970"
"137","4813"
"137","4815"
"137","4817"
"138","77"
"138","78"
"138","79"
"138","80"
"138","4752"
"139","82"
"139","83"
"139","85"
"139","814"
"139","818"
"139","1656"
"141","335"
"141","336"
"141","337"
"141","338"
"141","339"
"141","340"
"141","341"
"141","342"
"141","346"
"141","348"
"142","211"
"143","232"
"143","235"
"143","238"
"144","274"
"144","275"
"144","276"
"144","278"
"145","287"
"145","289"
"145","290"
"145","291"
"145","4694"
"145","4695"
"145","4698"
"145","4700"
"145","4702"
"145","4704"
"146","281"
"146","284"
"147","107"
"147","108"
"147","109"
"147","111"
"147","112"
"147","4692"
"147","4901"
"148","163"
"148","168"
"148","169"
"148","171"
"148","4824"
"148","4827"
"148","4830"
"148","4833"
"150","321"
"150","322"
"150","324"
"152","319"
"153","219"
"153","222"
"153","224"
"154","268"
"154","270"
"154","272"
"155","174"
"155","177"
"155","180"
"155","182"
"155","183"
"155","4072"
"156","309"
"156","310"
"156","4836"
"157","288"
"157","292"
"157","293"
"157","297"
"157","299"
"157","303"
"157","305"
"157","308"
"157","311"
"158","327"
"158","329"
"158","330"
"158","332"
"158","334"
"160","5790"
"163","245"
"163","246"
"163","248"
"164","216"
"165","86"
"165","90"
"165","92"
"165","4666"
"165","4667"
"165","4669"
"166","49"
"166","52"
"166","55"
"166","58"
"166","59"
"166","3934"
"166","4661"
"166","4663"
"167","62"
"167","63"
"167","64"
"167","65"
"167","4153"
"167","4911"
"167","4912"
"168","87"
"168","89"
"168","91"
"168","93"
"168","94"
"169","113"
"169","114"
"170","188"
"170","190"
"170","198"
"170","199"
"170","200"
"170","201"
"170","4187"
"171","95"
"171","317"
"172","96"
"172","102"
"172","106"
"172","110"
"173","3949"
"173","3954"
"174","124"
"174","125"
"174","126"
"174","127"
"175","192"
"175","193"
"175","194"
"175","195"
"175","196"
"175","4904"
"176","70"
"176","71"
"176","72"
"176","84"
"176","3935"
"177","1404"
"177","1629"
"177","1630"
"177","1631"
"177","1632"
"178","1681"
"178","1682"
"179","197"
"179","228"
"179","229"
"179","231"
"179","3920"
"179","3923"
"180","43"
"180","44"
"180","45"
"180","46"
"180","47"
"180","48"
"180","3913"
"180","3915"
"181","298"
"181","300"
"181","301"
"181","302"
"181","2576"
"181","2577"
"181","4798"
"181","4804"
"182","97"
"182","98"
"182","99"
"182","100"
"182","101"
"182","103"
"182","3984"
"182","3987"
"188","1173"
"188","3180"
"188","4541"
"189","1174"
"189","3181"
"190","3163"
"190","3165"
"190","3168"
"191","1113"
"191","1117"
"191","1120"
"191","1123"
"191","1125"
"191","1128"
"191","1133"
"191","1135"
"191","4371"
"191","4569"
"194","671"
"194","674"
"194","676"
"194","678"
"194","681"
"196","1402"
"196","1403"
"196","1405"
"196","1408"
"196","1409"
"196","1767"
"196","1768"
"196","1769"
"196","4637"
"196","4639"
"197","1417"
"197","1773"
"197","1774"
"197","1775"
"197","1776"
"197","4644"
"197","4645"
"197","4646"
"197","4648"
"199","1395"
"199","1399"
"199","1400"
"199","1401"
"199","1758"
"199","1759"
"199","1760"
"199","1792"
"199","4613"
"199","4615"
"199","4619"
"199","4620"
"199","4623"
"199","4625"
"200","1353"
"200","1621"
"200","1622"
"200","1623"
"200","4524"
"201","1799"
"201","1800"
"201","1801"
"201","1802"
"201","1803"
"202","1696"
"202","1697"
"202","1698"
"202","1699"
"202","1700"
"202","1701"
"202","1702"
"203","1741"
"203","1742"
"203","1743"
"204","1721"
"204","1722"
"204","1723"
"204","1724"
"204","1725"
"204","1726"
"205","1804"
"205","1805"
"205","1806"
"206","1413"
"206","1414"
"206","1770"
"206","1771"
"206","1772"
"207","1651"
"207","1652"
"207","1653"
"208","1829"
"208","1831"
"208","1832"
"209","1385"
"209","1386"
"209","1718"
"209","1719"
"209","1720"
"210","1364"
"210","1365"
"210","1369"
"210","4494"
"210","4496"
"211","1727"
"211","1728"
"211","1729"
"212","1823"
"212","1824"
"212","1827"
"212","1830"
"212","1833"
"213","1808"
"213","1812"
"213","1815"
"213","1816"
"213","1819"
"213","1821"
"214","1730"
"214","1731"
"214","1732"
"214","1733"
"214","1734"
"214","1735"
"214","1736"
"215","1856"
"215","1857"
"215","1858"
"215","1860"
"215","1861"
"215","1863"
"216","1693"
"216","1694"
"216","1695"
"217","1706"
"217","1707"
"219","1737"
"219","1738"
"219","1739"
"219","1740"
"220","1750"
"220","1751"
"220","1752"
"220","1753"
"221","730"
"221","731"
"221","732"
"221","735"
"221","1207"
"227","4246"
"227","4252"
"227","4255"
"227","4261"
"227","4266"
"227","4268"
"227","4270"
"227","4370"
"227","4374"
"227","4375"
"227","4376"
"227","4377"
"228","148"
"228","150"
"228","152"
"228","153"
"228","154"
"228","4288"
"228","4294"
"229","3869"
"229","3870"
"229","4280"
"229","4283"
"230","88"
"231","4445"
"231","4446"
"231","4447"
"231","4448"
"231","4449"
"231","4450"
"231","4451"
"231","4452"
"231","5318"
"231","5320"
"231","5323"
"231","5326"
"231","5328"
"231","5330"
"231","5331"
"231","5333"
"231","5334"
"231","5336"
"231","5337"
"231","5338"
"231","5339"
"231","5341"
"231","5342"
"231","5345"
"231","5347"
"233","4391"
"236","4392"
"237","3871"
"237","3872"
"237","3873"
"237","3874"
"237","4378"
"237","4379"
"238","1315"
"239","1703"
"239","1704"
"239","1705"
"240","1784"
"240","1785"
"240","1786"
"240","1787"
"240","1788"
"240","1789"
"241","1777"
"241","1778"
"241","1779"
"242","1708"
"242","1709"
"242","1710"
"242","1711"
"242","1712"
"242","1713"
"242","2433"
"242","2752"
"242","2754"
"243","3965"
"246","4642"
"247","144"
"247","145"
"247","4920"
"247","4924"
"248","146"
"248","147"
"248","4048"
"248","4880"
"248","4884"
"249","57"
"249","60"
"249","61"
"250","66"
"250","67"
"250","68"
"250","69"
"251","4932"
"251","4934"
"251","4935"
"251","4936"
"252","50"
"252","51"
"252","53"
"252","54"
"252","56"
"253","176"
"253","178"
"253","179"
"253","181"
"253","184"
"254","115"
"254","116"
"254","117"
"254","118"
"255","166"
"255","167"
"256","134"
"256","135"
"256","136"
"256","137"
"256","138"
"256","4926"
"256","4929"
"257","4876"
"258","156"
"258","157"
"258","158"
"258","159"
"258","160"
"258","161"
"258","162"
"258","164"
"258","165"
"258","3959"
"258","4314"
"259","104"
"259","105"
"259","4908"
"259","4909"
"259","4910"
"260","170"
"260","172"
"260","173"
"260","175"
"266","185"
"266","186"
"266","187"
"266","189"
"266","191"
"266","4894"
"267","73"
"267","74"
"267","75"
"267","76"
"267","4870"
"268","331"
"268","333"
"268","4030"
"268","4033"
"269","81"
"270","139"
"270","141"
"270","143"
"271","214"
"271","2988"
"271","2990"
"271","4018"
"271","4022"
"271","4024"
"273","242"
"273","243"
"274","212"
"275","5604"
"275","5607"
"275","5608"
"276","4063"
"276","4066"
"276","4068"
"279","230"
"280","5767"
"281","236"
"282","220"
"282","221"
"283","213"
"284","223"
"285","225"
"285","226"
"286","233"
"286","234"
"286","5552"
"286","5561"
"286","5563"
"286","5568"
"286","5572"
"286","5573"
"287","202"
"287","203"
"287","204"
"287","205"
"287","1024"
"287","1033"
"287","1038"
"288","206"
"288","207"
"288","5523"
"288","5527"
"289","241"
"289","5587"
"290","218"
"290","5592"
"290","5596"
"290","5598"
"290","5599"
"290","5600"
"290","5602"
"291","239"
"291","5610"
"291","5612"
"291","5613"
"291","5616"
"292","240"
"292","5531"
"292","5533"
"292","5536"
"292","5538"
"292","5540"
"295","5772"
"295","5776"
"296","217"
"298","215"
"299","208"
"299","209"
"299","210"
"299","5577"
"299","5578"
"299","5579"
"299","5581"
"299","5583"
"300","237"
"301","227"
"301","3888"
"302","277"
"302","279"
"302","280"
"302","282"
"302","4769"
"302","4771"
"304","294"
"304","295"
"304","296"
"304","4724"
"304","4726"
"304","4728"
"305","4040"
"305","4718"
"306","3973"
"306","3974"
"306","3975"
"306","3977"
"306","3978"
"306","3981"
"306","3983"
"307","255"
"307","257"
"307","259"
"307","265"
"307","4674"
"307","4676"
"308","325"
"308","326"
"308","328"
"308","4678"
"309","4776"
"309","4780"
"310","252"
"310","253"
"310","254"
"310","4784"
"310","4788"
"310","4794"
"311","267"
"311","269"
"311","271"
"311","273"
"312","312"
"312","313"
"312","314"
"312","315"
"312","316"
"312","318"
"312","353"
"312","355"
"312","4125"
"312","4129"
"312","4810"
"313","351"
"313","352"
"313","354"
"313","356"
"313","357"
"313","358"
"313","4002"
"314","320"
"314","323"
"314","4745"
"315","283"
"315","285"
"315","286"
"316","4840"
"316","4841"
"316","4843"
"316","4846"
"317","247"
"317","249"
"317","250"
"317","251"
"317","4665"
"318","349"
"318","350"
"318","4754"
"318","4757"
"320","4672"
"320","4673"
"321","4227"
"325","2444"
"325","2445"
"325","2446"
"325","2447"
"325","2449"
"325","2450"
"325","2451"
"326","3957"
"326","3958"
"328","304"
"328","306"
"328","307"
"329","343"
"329","344"
"329","345"
"329","347"
"331","1208"
"331","1217"
"331","1278"
"332","1176"
"333","2400"
"333","2401"
"333","2403"
"333","2404"
"333","2405"
"333","2406"
"333","2408"
"333","2409"
"333","2410"
"334","2436"
"334","2437"
"335","2312"
"335","2314"
"335","2315"
"335","2316"
"335","2318"
"335","2320"
"335","4380"
"336","1269"
"336","1271"
"336","3806"
"336","3810"
"336","3812"
"336","3861"
"336","3862"
"336","3863"
"336","3864"
"336","4381"
"337","1139"
"337","1141"
"337","1147"
"337","3249"
"337","3251"
"337","3253"
"337","3255"
"337","3256"
"337","3257"
"337","3258"
"337","3260"
"339","1452"
"339","1454"
"339","1456"
"339","1458"
"339","1527"
"339","2382"
"343","2364"
"343","2365"
"343","2366"
"343","2368"
"346","2466"
"346","2467"
"346","2468"
"346","2469"
"346","2470"
"346","2471"
"346","2472"
"346","2474"
"346","2475"
"346","2476"
"348","2388"
"348","2390"
"349","2386"
"349","2387"
"350","2356"
"350","2358"
"350","2359"
"350","2361"
"354","1744"
"354","1745"
"354","1746"
"354","1747"
"354","1748"
"354","1749"
"354","2491"
"357","2340"
"357","2341"
"357","2342"
"357","2343"
"357","2344"
"358","1577"
"358","1578"
"358","1579"
"358","3875"
"360","1390"
"360","1754"
"360","1755"
"360","1756"
"360","1757"
"362","3910"
"362","3914"
"362","3916"
"362","3917"
"362","3918"
"363","2601"
"363","2605"
"363","2608"
"363","2611"
"363","2613"
"363","2614"
"365","2478"
"365","2479"
"365","2480"
"365","2833"
"365","2835"
"365","2837"
"365","2843"
"365","2845"
"366","2372"
"366","2373"
"367","2378"
"367","2379"
"367","2380"
"367","2381"
"369","2485"
"369","2486"
"369","2487"
"369","2488"
"370","1083"
"370","1085"
"370","1087"
"370","1089"
"370","1091"
"370","1107"
"370","1110"
"372","2395"
"372","2396"
"372","2397"
"376","2413"
"376","2414"
"376","2415"
"376","2416"
"376","2418"
"376","2420"
"376","2422"
"377","760"
"377","766"
"377","768"
"377","769"
"377","2262"
"377","2266"
"377","2269"
"377","2274"
"377","2275"
"378","2531"
"378","2533"
"380","2294"
"380","2295"
"380","2296"
"380","2297"
"380","2298"
"381","1433"
"381","3434"
"381","3435"
"381","3436"
"381","3437"
"381","3438"
"381","3440"
"381","3444"
"381","3445"
"382","2241"
"382","2250"
"382","2255"
"382","2257"
"383","2299"
"383","2301"
"383","2304"
"383","2307"
"383","2311"
"383","2313"
"383","2317"
"384","1097"
"384","1104"
"384","1111"
"384","3239"
"384","4563"
"384","4566"
"385","2300"
"385","2302"
"385","2303"
"385","2305"
"385","2306"
"385","2308"
"385","2309"
"385","2310"
"386","969"
"386","972"
"386","977"
"386","981"
"386","984"
"387","2321"
"387","2322"
"387","2324"
"387","2325"
"388","2327"
"388","2328"
"388","2329"
"388","2330"
"388","2332"
"388","2333"
"388","2335"
"388","2336"
"388","2337"
"389","924"
"389","927"
"389","929"
"389","933"
"389","937"
"389","941"
"389","947"
"389","953"
"389","958"
"389","959"
"389","962"
"391","2277"
"391","2280"
"391","2282"
"391","2285"
"391","2287"
"393","776"
"393","783"
"393","785"
"393","788"
"393","790"
"393","795"
"393","799"
"393","802"
"396","2319"
"396","2323"
"396","2326"
"396","2331"
"396","2334"
"396","2338"
"396","2339"
"400","733"
"400","738"
"400","741"
"400","2232"
"405","2347"
"405","2348"
"405","2350"
"405","2353"
"405","2354"
"405","2392"
"406","2349"
"406","2351"
"406","2352"
"417","2411"
"417","2412"
"422","2428"
"422","2429"
"422","2430"
"422","2431"
"423","1210"
"423","1218"
"423","2797"
"426","2460"
"426","2461"
"426","2463"
"427","828"
"427","831"
"427","834"
"427","2734"
"427","2736"
"428","2464"
"428","2465"
"429","737"
"429","743"
"429","747"
"429","758"
"429","761"
"429","762"
"429","2477"
"429","2637"
"429","2639"
"431","2521"
"431","2522"
"431","2529"
"431","2534"
"431","2543"
"434","2452"
"434","2453"
"434","2454"
"434","2455"
"434","2457"
"434","2458"
"439","2636"
"440","742"
"440","745"
"440","748"
"440","750"
"440","752"
"440","754"
"441","2345"
"441","2346"
"442","2481"
"442","2482"
"442","2483"
"443","2434"
"443","2435"
"444","1234"
"444","1235"
"444","1236"
"444","2423"
"444","2424"
"444","2425"
"444","2563"
"448","1683"
"448","1684"
"448","1685"
"448","1686"
"448","1687"
"452","2719"
"452","2720"
"452","2721"
"452","2725"
"452","2727"
"452","2731"
"452","2733"
"452","2735"
"452","2737"
"458","2738"
"458","2739"
"458","2740"
"458","2742"
"458","2744"
"458","2746"
"466","2688"
"466","2690"
"466","2691"
"466","2692"
"466","2693"
"466","2696"
"466","2699"
"466","2702"
"466","2704"
"468","2706"
"468","2708"
"470","2374"
"470","2375"
"470","2376"
"470","2377"
"471","2508"
"471","2511"
"472","2555"
"472","2559"
"472","2560"
"472","2561"
"472","2562"
"472","2565"
"474","2641"
"476","2417"
"476","2419"
"476","2421"
"476","2426"
"476","2427"
"476","2432"
"481","2523"
"481","2524"
"481","2525"
"481","2532"
"481","2536"
"481","2541"
"483","2383"
"483","2384"
"483","2385"
"483","2389"
"483","2391"
"483","2393"
"483","2394"
"483","2398"
"483","2399"
"483","2402"
"483","2407"
"484","2769"
"484","2771"
"484","2774"
"484","2776"
"489","914"
"489","916"
"489","918"
"493","904"
"493","905"
"493","906"
"493","909"
"493","911"
"493","912"
"494","2515"
"494","2517"
"494","2519"
"495","2598"
"495","2606"
"495","2612"
"495","2615"
"496","2650"
"496","2651"
"498","2439"
"498","2443"
"498","2448"
"498","2456"
"498","2459"
"498","2462"
"498","2473"
"498","2484"
"498","2489"
"498","2490"
"499","2568"
"499","2572"
"500","2616"
"500","2617"
"500","2619"
"500","2620"
"500","2622"
"500","2624"
"500","2626"
"502","2503"
"502","2507"
"502","2510"
"502","2513"
"503","2547"
"503","2551"
"503","2552"
"503","2564"
"503","2566"
"503","2574"
"503","2584"
"503","2586"
"503","2589"
"503","2592"
"504","2618"
"504","2621"
"504","2625"
"504","2627"
"504","2630"
"504","2631"
"504","2633"
"504","2635"
"504","2640"
"504","2642"
"504","2647"
"504","2648"
"506","2653"
"506","2655"
"506","2658"
"506","2660"
"507","2665"
"507","2667"
"507","2669"
"507","2670"
"507","2673"
"507","2676"
"507","2679"
"507","2683"
"507","2685"
"507","2686"
"510","2492"
"510","2493"
"510","2494"
"512","2509"
"512","2512"
"512","2514"
"512","2516"
"512","2518"
"512","2520"
"512","2528"
"513","2498"
"513","2499"
"513","2500"
"513","2501"
"516","2502"
"517","2569"
"517","2571"
"517","2573"
"522","2504"
"522","2505"
"522","2506"
"524","2553"
"524","2554"
"524","2556"
"524","2557"
"525","2579"
"525","2581"
"525","2582"
"525","2587"
"525","2588"
"526","2590"
"526","2591"
"526","2593"
"526","2595"
"526","2596"
"529","2575"
"529","2583"
"529","2585"
"529","2594"
"529","2597"
"529","2599"
"529","2602"
"529","2603"
"529","2607"
"529","2609"
"531","2537"
"531","2538"
"532","2495"
"532","2496"
"532","2497"
"533","2540"
"533","2542"
"533","2544"
"533","2546"
"533","2548"
"533","2550"
"535","690"
"535","694"
"535","2288"
"535","2289"
"535","2290"
"535","2291"
"535","2292"
"535","2293"
"536","821"
"536","824"
"536","826"
"536","827"
"536","832"
"536","835"
"536","837"
"536","838"
"536","839"
"536","2215"
"537","712"
"537","714"
"537","716"
"537","717"
"537","722"
"537","724"
"537","726"
"538","2216"
"538","2217"
"538","2218"
"538","2219"
"538","2220"
"538","2221"
"538","2222"
"538","2223"
"538","2224"
"539","886"
"539","888"
"539","889"
"539","891"
"539","894"
"540","2226"
"540","2227"
"540","2228"
"540","2229"
"540","2230"
"541","870"
"541","873"
"541","876"
"541","879"
"541","883"
"541","885"
"542","2231"
"542","2233"
"542","2234"
"542","2235"
"542","2236"
"543","2237"
"543","2238"
"543","2239"
"543","2240"
"543","2242"
"543","2243"
"543","2244"
"543","2245"
"543","2246"
"543","2247"
"543","2248"
"543","2249"
"543","2251"
"543","2252"
"543","2253"
"543","2254"
"544","2281"
"544","2283"
"544","2284"
"544","2286"
"544","4383"
"545","2256"
"545","2258"
"545","2259"
"545","2260"
"545","2261"
"545","2263"
"545","2264"
"545","2265"
"545","2267"
"545","2268"
"545","2270"
"545","2271"
"548","2272"
"548","2273"
"549","2279"
"550","2278"
"551","2276"
"559","850"
"559","853"
"559","858"
"559","862"
"559","864"
"559","867"
"559","2225"
"561","668"
"561","669"
"561","2209"
"562","670"
"562","672"
"562","680"
"562","683"
"562","701"
"562","2210"
"562","2211"
"562","2212"
"562","2213"
"562","2214"
"567","3564"
"567","3565"
"567","3566"
"567","3567"
"567","3568"
"567","3569"
"569","2892"
"569","2893"
"569","2895"
"569","2897"
"569","2898"
"569","3365"
"572","2438"
"572","2440"
"572","2441"
"572","2442"
"573","3557"
"573","3558"
"573","3560"
"573","3561"
"575","3553"
"575","3554"
"575","3556"
"578","841"
"578","843"
"578","845"
"578","846"
"578","849"
"578","854"
"578","857"
"578","859"
"578","861"
"578","866"
"579","1161"
"579","1163"
"579","1167"
"579","2684"
"581","3521"
"581","3523"
"581","3525"
"581","3526"
"581","3529"
"582","3576"
"582","3577"
"582","3578"
"583","3570"
"583","3571"
"583","3572"
"583","3574"
"586","3643"
"586","3645"
"586","3646"
"586","3647"
"586","3648"
"586","3649"
"586","3650"
"587","3629"
"587","3632"
"587","3633"
"587","3635"
"587","3636"
"587","3638"
"587","3639"
"587","3642"
"589","3544"
"589","3545"
"589","3546"
"589","3547"
"589","3548"
"589","3549"
"589","3551"
"589","3552"
"590","3228"
"590","3229"
"591","3231"
"591","3232"
"592","3262"
"592","3265"
"592","3266"
"592","3270"
"592","3272"
"592","3273"
"592","3276"
"592","3278"
"592","3279"
"592","3282"
"595","1561"
"595","1563"
"596","3532"
"596","3533"
"596","3535"
"596","3536"
"596","3537"
"596","3539"
"596","3541"
"598","3605"
"598","3606"
"598","3608"
"598","3610"
"598","3613"
"598","3615"
"598","3617"
"598","3619"
"598","3621"
"599","3592"
"599","3593"
"599","3596"
"599","3598"
"599","3600"
"599","3601"
"600","3652"
"600","3654"
"600","3655"
"600","3657"
"600","3659"
"600","3660"
"600","3662"
"602","3511"
"602","3514"
"602","3517"
"602","3518"
"608","3581"
"608","3583"
"608","3585"
"609","3622"
"609","3624"
"612","1381"
"612","1664"
"612","1665"
"612","1666"
"616","1569"
"616","1570"
"620","1580"
"620","1581"
"620","1582"
"620","1583"
"620","1584"
"620","1585"
"622","1515"
"622","1516"
"622","1517"
"623","1574"
"623","1575"
"623","1576"
"624","1539"
"624","1542"
"624","1544"
"624","1547"
"624","1551"
"624","1553"
"625","1601"
"625","1602"
"625","1603"
"625","1604"
"625","1605"
"626","1564"
"626","1565"
"626","1567"
"627","1540"
"627","1599"
"627","1600"
"628","1541"
"628","1543"
"628","1546"
"628","1607"
"628","1608"
"628","1609"
"629","1501"
"629","1502"
"629","1503"
"629","1504"
"629","1505"
"629","1506"
"629","1507"
"629","1508"
"629","1509"
"630","1591"
"630","1592"
"630","1593"
"630","1594"
"630","1595"
"632","1530"
"632","1532"
"632","1534"
"632","1536"
"633","1529"
"633","1531"
"634","1528"
"634","1533"
"634","1535"
"634","1537"
"635","1524"
"635","1525"
"635","1526"
"636","1606"
"637","1596"
"637","1597"
"637","1598"
"640","1496"
"640","1497"
"640","1498"
"640","1499"
"640","1500"
"641","1169"
"641","3178"
"642","1512"
"642","1513"
"642","1514"
"643","1431"
"643","1432"
"643","1510"
"643","1511"
"644","1571"
"644","1572"
"644","1573"
"645","1554"
"645","1556"
"645","1557"
"645","1559"
"645","4940"
"646","1586"
"646","1587"
"646","1588"
"646","1589"
"646","1590"
"647","1518"
"647","1519"
"647","1520"
"647","1522"
"647","1523"
"648","1429"
"648","1482"
"648","1483"
"648","1484"
"649","939"
"649","945"
"649","949"
"649","1521"
"649","3530"
"649","3531"
"649","4953"
"649","4955"
"649","5286"
"649","5289"
"650","1538"
"650","1545"
"650","1548"
"650","1549"
"650","1550"
"650","1552"
"653","3479"
"653","3482"
"653","3486"
"653","3487"
"653","3490"
"653","3492"
"654","684"
"654","688"
"654","691"
"654","693"
"654","696"
"654","697"
"654","698"
"654","699"
"654","702"
"654","2780"
"654","2783"
"654","4486"
"654","4488"
"654","4489"
"654","4492"
"655","1915"
"655","1916"
"655","1917"
"655","1918"
"655","1919"
"655","1920"
"655","1921"
"655","1922"
"655","1923"
"655","1924"
"655","1925"
"657","1183"
"657","1185"
"657","1320"
"657","2869"
"657","2873"
"660","1427"
"660","1485"
"660","1486"
"660","1487"
"660","1488"
"660","1489"
"660","1490"
"660","1491"
"660","1492"
"660","3419"
"661","1493"
"661","1494"
"661","1495"
"663","705"
"663","706"
"663","709"
"663","710"
"663","713"
"664","1477"
"664","1478"
"664","1479"
"664","1480"
"664","1481"
"665","1459"
"665","1460"
"665","1461"
"665","1462"
"665","1463"
"665","1464"
"665","1465"
"665","1466"
"665","1467"
"666","1891"
"666","1892"
"666","1893"
"666","1894"
"666","1895"
"666","1897"
"666","1898"
"666","1899"
"666","1900"
"666","4389"
"666","4557"
"666","4560"
"668","1444"
"668","3451"
"668","3452"
"668","3454"
"668","3458"
"668","3461"
"668","3462"
"668","3465"
"668","3468"
"669","1468"
"669","1469"
"669","1470"
"669","1471"
"669","1472"
"669","1473"
"669","1474"
"669","1475"
"669","1476"
"670","2902"
"670","2904"
"670","2905"
"673","720"
"673","721"
"673","723"
"675","1187"
"675","1188"
"675","1189"
"675","1190"
"675","1191"
"675","1192"
"675","2849"
"675","2854"
"679","1453"
"679","1455"
"679","1457"
"681","1445"
"681","1446"
"681","1447"
"682","1434"
"682","1435"
"682","1437"
"682","1438"
"682","1439"
"682","1440"
"682","1441"
"682","1443"
"682","3448"
"682","3449"
"687","1001"
"687","1005"
"687","1008"
"687","1009"
"687","1013"
"687","1014"
"687","1015"
"687","1016"
"687","1017"
"687","1018"
"687","1019"
"687","1020"
"687","1021"
"687","1022"
"688","1948"
"688","1950"
"688","1951"
"689","1027"
"689","1029"
"689","1030"
"689","1031"
"690","3980"
"690","3986"
"690","3989"
"690","3994"
"691","3859"
"692","3855"
"693","3369"
"693","3370"
"693","3373"
"693","3868"
"694","3856"
"694","3857"
"694","3858"
"698","1303"
"698","3886"
"698","3887"
"698","3890"
"699","1239"
"699","3345"
"699","3774"
"700","3354"
"700","3356"
"700","3359"
"700","3361"
"700","3363"
"700","3573"
"700","3575"
"700","3877"
"700","3878"
"700","3879"
"700","3880"
"701","3963"
"701","3964"
"701","3966"
"701","3967"
"702","1149"
"702","1151"
"702","1292"
"702","1293"
"703","3881"
"703","3882"
"703","3883"
"703","3885"
"704","1314"
"704","3942"
"704","3944"
"704","3946"
"704","3948"
"704","3952"
"706","3895"
"706","3897"
"706","3899"
"706","3901"
"706","3902"
"706","3905"
"706","3906"
"707","1144"
"707","1145"
"707","3334"
"707","3335"
"707","3337"
"707","3340"
"707","3933"
"708","4080"
"708","4082"
"708","4085"
"708","4087"
"708","4089"
"709","1328"
"709","1331"
"709","1332"
"712","3991"
"712","3992"
"712","4016"
"712","4017"
"713","1321"
"713","4043"
"713","4045"
"713","4046"
"714","1325"
"715","4049"
"715","4051"
"715","4053"
"715","4055"
"715","4057"
"716","4060"
"716","4064"
"716","4067"
"717","4075"
"717","4078"
"718","3865"
"718","3867"
"719","3891"
"719","3893"
"720","1310"
"720","1311"
"720","3921"
"720","3922"
"720","3924"
"721","1257"
"721","1302"
"722","1312"
"722","3926"
"722","3927"
"723","4096"
"723","4098"
"723","4099"
"723","4101"
"723","4103"
"723","4105"
"723","4107"
"724","4349"
"724","4351"
"724","4352"
"724","4353"
"724","4355"
"724","4357"
"724","4358"
"724","4360"
"728","1333"
"731","4127"
"731","4132"
"731","4133"
"731","4139"
"731","4141"
"733","1334"
"733","4175"
"733","4176"
"734","4188"
"734","4189"
"734","4191"
"734","4194"
"734","4196"
"734","4198"
"734","4200"
"735","4203"
"735","4204"
"735","4205"
"736","1339"
"736","4206"
"736","4207"
"737","4208"
"737","4210"
"737","4213"
"737","4215"
"738","4217"
"738","4219"
"738","4221"
"738","4223"
"739","4228"
"739","4230"
"739","4233"
"739","4235"
"740","4237"
"740","4238"
"740","4240"
"740","4241"
"740","4243"
"740","4245"
"742","4248"
"742","4249"
"742","4251"
"742","4253"
"743","4254"
"743","4257"
"743","4258"
"743","4260"
"744","4263"
"744","4265"
"744","4269"
"744","4271"
"745","4273"
"745","4275"
"745","4277"
"746","4279"
"746","4281"
"746","4282"
"746","4284"
"746","4285"
"747","4287"
"747","4290"
"747","4292"
"747","4295"
"747","4298"
"747","4299"
"747","4301"
"747","4302"
"748","4304"
"748","4305"
"748","4306"
"748","4308"
"748","4310"
"748","4311"
"748","4313"
"748","4316"
"748","4318"
"749","4324"
"749","4325"
"749","4326"
"753","1366"
"753","1372"
"753","4335"
"753","4336"
"753","4337"
"753","4339"
"753","4341"
"753","4342"
"753","4343"
"753","4345"
"753","4346"
"753","4348"
"754","4362"
"754","4363"
"754","4364"
"760","3656"
"760","3658"
"760","3661"
"760","3663"
"761","3625"
"761","3626"
"761","3627"
"761","3628"
"761","3630"
"761","3631"
"761","3634"
"762","3673"
"762","3675"
"762","3676"
"762","3680"
"762","3681"
"762","3682"
"762","3683"
"762","3685"
"767","3786"
"767","3789"
"768","1260"
"768","1262"
"768","1263"
"768","3796"
"768","3803"
"769","3945"
"769","3950"
"769","3953"
"769","3956"
"770","3821"
"770","3823"
"770","3824"
"770","3825"
"770","3826"
"770","3830"
"770","3837"
"772","1247"
"772","3738"
"772","3743"
"772","3745"
"773","3751"
"773","3753"
"773","3755"
"773","3757"
"774","1162"
"774","3961"
"774","3968"
"774","3971"
"775","4009"
"775","4278"
"776","4321"
"776","4323"
"776","4327"
"776","4330"
"777","4212"
"778","3853"
"778","3860"
"778","3866"
"779","1238"
"779","1240"
"779","1241"
"779","3699"
"779","3700"
"779","3701"
"780","1232"
"780","3674"
"780","3677"
"780","3678"
"780","3679"
"781","4177"
"781","4178"
"781","4180"
"781","4182"
"781","4186"
"781","4193"
"782","4296"
"782","4307"
"782","4312"
"783","3702"
"783","3703"
"783","3704"
"784","3773"
"784","3775"
"784","3778"
"784","3779"
"785","3705"
"785","3706"
"785","3707"
"785","3708"
"786","3996"
"786","3997"
"786","4000"
"786","4001"
"786","4003"
"786","4005"
"788","4158"
"788","4161"
"788","4163"
"788","4165"
"788","4169"
"788","4171"
"789","4201"
"789","4202"
"789","4209"
"790","3896"
"790","3900"
"790","3903"
"790","3908"
"790","3911"
"791","3696"
"791","3697"
"791","3698"
"794","4026"
"794","4028"
"795","4021"
"795","4023"
"796","3726"
"796","3729"
"796","3730"
"796","3731"
"796","3732"
"796","3733"
"796","3734"
"796","3735"
"797","3709"
"797","3710"
"797","3711"
"797","3712"
"797","3713"
"797","3716"
"797","3717"
"798","1249"
"798","3766"
"798","3768"
"799","3762"
"799","3764"
"800","3720"
"800","3722"
"800","3723"
"801","3478"
"801","3481"
"801","3483"
"801","3485"
"801","3489"
"801","3491"
"802","4071"
"802","4073"
"802","4076"
"802","4079"
"802","4084"
"802","4086"
"802","4088"
"802","4092"
"802","4095"
"802","4097"
"803","4031"
"803","4034"
"803","4036"
"803","4039"
"803","4041"
"803","4047"
"803","4050"
"803","4054"
"803","4058"
"803","4061"
"803","4065"
"804","4108"
"804","4111"
"804","4114"
"804","4118"
"804","4121"
"804","4122"
"804","4126"
"804","4130"
"804","4134"
"804","4136"
"804","4137"
"804","4142"
"804","4144"
"804","4147"
"804","4149"
"804","4152"
"804","4154"
"808","4992"
"808","4995"
"808","4997"
"808","4999"
"808","5000"
"808","5003"
"810","2031"
"810","2032"
"810","2033"
"810","4568"
"817","3936"
"817","3937"
"817","3938"
"817","3939"
"818","3919"
"818","3925"
"818","3929"
"818","3931"
"822","3728"
"823","3714"
"823","3715"
"823","3718"
"823","3719"
"823","3721"
"823","3724"
"823","3725"
"823","3727"
"824","3741"
"824","3742"
"824","3744"
"824","3746"
"824","3747"
"824","3748"
"824","3749"
"824","3750"
"824","3752"
"826","3797"
"826","3798"
"826","3799"
"827","1194"
"827","1195"
"827","1197"
"827","3623"
"828","1180"
"828","3591"
"828","3595"
"828","3597"
"828","3599"
"829","3637"
"829","3640"
"830","3580"
"830","3582"
"830","3584"
"831","3754"
"831","3756"
"831","3758"
"831","3759"
"831","3760"
"831","3761"
"831","3763"
"831","3765"
"831","3767"
"831","3769"
"831","3770"
"831","3771"
"831","3772"
"832","1224"
"832","3671"
"832","3672"
"833","1209"
"833","1215"
"833","1216"
"833","1223"
"833","3668"
"833","3669"
"833","3670"
"834","1200"
"834","3641"
"834","3644"
"835","1270"
"835","3854"
"837","1165"
"837","1168"
"837","1170"
"837","1172"
"837","3579"
"838","1259"
"838","3819"
"838","3820"
"838","3822"
"839","3842"
"839","3843"
"839","3844"
"839","3845"
"839","3846"
"839","3847"
"839","3848"
"840","3787"
"840","3788"
"840","3790"
"840","3791"
"840","3792"
"841","3835"
"841","3836"
"841","3838"
"841","3839"
"841","3840"
"841","3841"
"842","1229"
"842","1231"
"842","1233"
"842","3736"
"842","3737"
"842","3739"
"842","3740"
"843","3586"
"843","3587"
"843","3588"
"843","3589"
"846","3807"
"846","3808"
"846","3809"
"846","3811"
"846","3813"
"846","3816"
"846","3818"
"848","1250"
"853","1266"
"853","1267"
"853","1268"
"853","3849"
"853","3850"
"853","3851"
"853","3852"
"854","1242"
"854","1244"
"854","1246"
"854","3776"
"854","3777"
"856","3780"
"856","3781"
"856","3782"
"856","3783"
"856","3784"
"856","3785"
"857","3827"
"857","3828"
"857","3829"
"857","3831"
"857","3832"
"857","3833"
"857","3834"
"858","1252"
"858","1253"
"858","1254"
"858","3800"
"858","3801"
"858","3802"
"858","3804"
"858","3805"
"860","3687"
"860","3688"
"860","3690"
"860","3691"
"860","3692"
"860","3693"
"860","3695"
"861","4328"
"861","4329"
"861","4331"
"861","4332"
"861","4333"
"861","4334"
"861","4338"
"861","4340"
"864","3651"
"864","3653"
"865","1186"
"865","3602"
"865","3603"
"865","3604"
"865","3607"
"865","3609"
"865","3611"
"865","3614"
"865","3616"
"865","3618"
"865","3620"
"866","1204"
"866","1205"
"866","3664"
"866","3665"
"866","3666"
"866","3667"
"879","3212"
"879","3214"
"879","3219"
"879","3222"
"879","3224"
"880","5771"
"880","5774"
"880","5775"
"880","5777"
"880","5779"
"880","5780"
"880","5782"
"880","5783"
"880","5784"
"880","5786"
"880","5788"
"880","5789"
"881","5055"
"881","5057"
"881","5059"
"881","5860"
"881","5861"
"881","5862"
"881","5863"
"883","5025"
"883","5026"
"883","5027"
"883","5029"
"883","5030"
"883","5031"
"883","5032"
"885","5765"
"885","5766"
"885","5768"
"885","5769"
"886","5752"
"886","5753"
"886","5755"
"887","5075"
"887","5076"
"887","5077"
"887","5078"
"887","5079"
"887","5080"
"887","5081"
"887","5082"
"887","5084"
"887","5086"
"888","5728"
"888","5729"
"888","5731"
"889","5042"
"889","5043"
"889","5045"
"889","5046"
"889","5048"
"889","5049"
"889","5050"
"889","5051"
"891","5073"
"891","5712"
"891","5714"
"891","5716"
"891","5717"
"891","5718"
"894","5757"
"894","5762"
"894","5764"
"895","5732"
"895","5734"
"895","5735"
"895","5736"
"899","5019"
"899","5020"
"899","5022"
"900","5012"
"900","5014"
"900","5015"
"900","5703"
"900","5704"
"900","5705"
"900","5706"
"900","5707"
"900","5708"
"900","5709"
"901","5010"
"901","5011"
"903","5038"
"903","5040"
"904","5064"
"904","5065"
"904","5095"
"905","5739"
"908","5107"
"908","5109"
"908","5111"
"909","5096"
"909","5097"
"909","5098"
"909","5100"
"909","5101"
"909","5102"
"909","5103"
"910","5134"
"911","5113"
"912","5116"
"912","5118"
"912","5725"
"913","5123"
"913","5126"
"913","5129"
"913","5722"
"918","3446"
"918","3447"
"918","3450"
"918","3453"
"918","3456"
"918","3460"
"918","5068"
"918","5070"
"919","5088"
"919","5090"
"919","5091"
"919","5093"
"921","5035"
"921","5037"
"923","5017"
"923","5018"
"924","5023"
"924","5710"
"926","5702"
"929","5743"
"929","5744"
"929","5745"
"929","5746"
"929","5748"
"929","5749"
"929","5751"
"932","4808"
"932","4811"
"932","4812"
"932","4814"
"934","608"
"934","609"
"934","610"
"934","612"
"934","614"
"935","566"
"935","568"
"935","570"
"935","572"
"935","573"
"935","575"
"935","579"
"936","388"
"936","389"
"936","390"
"936","391"
"936","392"
"937","414"
"937","635"
"938","640"
"938","643"
"939","611"
"939","613"
"939","615"
"944","804"
"944","808"
"944","963"
"944","965"
"949","704"
"949","707"
"949","708"
"949","711"
"949","715"
"949","719"
"950","4767"
"950","4770"
"950","4773"
"950","4775"
"950","4777"
"950","4778"
"950","4786"
"950","4791"
"950","4795"
"952","689"
"952","692"
"953","685"
"953","686"
"953","687"
"954","4862"
"954","4864"
"954","4869"
"954","4872"
"955","695"
"955","700"
"955","4816"
"955","4818"
"955","4820"
"955","4821"
"956","993"
"956","995"
"956","996"
"956","997"
"956","4837"
"957","998"
"957","1000"
"957","1002"
"957","1003"
"957","1006"
"957","1010"
"957","1012"
"958","4842"
"958","4844"
"958","4847"
"958","4849"
"958","4850"
"958","4851"
"958","4852"
"958","4854"
"959","4856"
"959","4857"
"960","4877"
"960","4878"
"960","4881"
"960","4882"
"961","4875"
"961","4885"
"961","4887"
"961","4889"
"961","4890"
"961","4891"
"961","4893"
"962","4895"
"962","4896"
"962","4897"
"962","4899"
"962","4900"
"962","4902"
"963","734"
"963","736"
"963","739"
"963","744"
"963","749"
"963","751"
"963","753"
"963","755"
"963","756"
"964","4914"
"965","757"
"965","759"
"965","764"
"965","765"
"965","5004"
"965","5005"
"965","5006"
"965","5007"
"966","4906"
"966","4907"
"966","4916"
"966","4918"
"966","4919"
"966","4921"
"966","4923"
"966","4927"
"967","772"
"967","773"
"967","775"
"967","777"
"967","779"
"967","781"
"967","782"
"967","784"
"967","787"
"967","789"
"968","4942"
"968","4945"
"968","4949"
"968","4950"
"968","4951"
"968","4954"
"968","4956"
"968","4957"
"969","807"
"969","811"
"969","813"
"969","816"
"970","819"
"970","823"
"970","825"
"970","829"
"970","830"
"970","4933"
"971","833"
"971","836"
"971","840"
"971","842"
"971","844"
"971","847"
"971","848"
"971","851"
"971","860"
"971","4960"
"972","856"
"972","863"
"972","865"
"973","4961"
"973","4962"
"974","868"
"974","871"
"974","872"
"974","875"
"978","673"
"978","675"
"978","677"
"978","679"
"978","682"
"978","4807"
"979","966"
"979","967"
"979","968"
"979","970"
"979","971"
"980","4825"
"980","4829"
"980","4834"
"981","951"
"981","957"
"981","960"
"981","961"
"981","4979"
"982","991"
"983","792"
"983","796"
"983","798"
"983","800"
"984","990"
"984","4994"
"984","4996"
"984","4998"
"984","5001"
"984","5002"
"985","985"
"985","986"
"985","987"
"985","988"
"985","4990"
"985","4991"
"985","4993"
"986","878"
"986","884"
"986","887"
"986","890"
"986","893"
"986","897"
"986","899"
"986","900"
"987","4937"
"987","4938"
"987","4939"
"988","938"
"988","940"
"988","943"
"988","944"
"988","948"
"989","4965"
"989","4966"
"989","4967"
"990","901"
"990","902"
"990","903"
"990","907"
"990","4963"
"991","913"
"992","915"
"992","917"
"992","919"
"993","975"
"993","978"
"993","982"
"993","4986"
"994","4797"
"994","4799"
"994","4800"
"994","4802"
"994","4803"
"996","4958"
"996","4959"
"998","922"
"998","923"
"998","925"
"998","928"
"998","930"
"998","4964"
"999","4987"
"1000","4972"
"1000","4973"
"1000","4975"
"1000","4977"
"1001","4982"
"1001","4983"
"1001","4984"
"1005","1638"
"1005","1639"
"1005","1640"
"1005","1641"
"1005","1642"
"1005","4551"
"1005","4552"
"1006","1379"
"1006","1380"
"1006","1657"
"1006","1658"
"1006","1659"
"1007","1817"
"1007","1818"
"1007","1820"
"1007","1822"
"1008","1654"
"1008","1655"
"1008","4565"
"1009","1410"
"1009","1633"
"1009","1634"
"1009","1635"
"1009","1636"
"1009","4499"
"1009","4501"
"1009","4503"
"1009","4508"
"1010","1647"
"1010","1648"
"1010","1649"
"1010","1650"
"1011","1392"
"1011","1627"
"1011","1628"
"1011","4538"
"1011","4540"
"1015","1660"
"1015","1661"
"1015","1662"
"1015","1663"
"1015","4162"
"1015","4164"
"1015","4166"
"1015","4167"
"1015","4170"
"1016","1382"
"1016","1673"
"1016","1674"
"1017","1667"
"1017","1668"
"1017","1669"
"1018","4592"
"1018","4594"
"1024","1761"
"1024","1762"
"1024","1763"
"1024","4632"
"1025","1610"
"1025","1611"
"1025","1612"
"1025","1613"
"1025","1614"
"1025","4509"
"1025","4511"
"1025","4512"
"1025","4514"
"1025","4518"
"1026","1352"
"1026","1714"
"1026","1715"
"1026","1716"
"1026","1717"
"1027","4575"
"1027","4580"
"1027","4582"
"1028","1347"
"1028","1351"
"1028","1615"
"1028","1616"
"1028","1617"
"1028","1618"
"1028","1619"
"1028","1620"
"1028","4493"
"1029","1764"
"1029","1765"
"1029","1766"
"1030","4553"
"1030","4554"
"1030","4556"
"1030","4558"
"1030","4561"
"1031","1415"
"1031","1416"
"1031","1637"
"1031","4546"
"1032","1643"
"1032","1644"
"1032","1645"
"1032","1646"
"1033","1329"
"1033","1330"
"1033","1337"
"1033","1338"
"1034","1355"
"1034","1357"
"1034","1359"
"1034","1624"
"1034","4528"
"1034","4530"
"1034","4532"
"1035","1825"
"1035","1826"
"1035","1828"
"1036","1383"
"1036","1675"
"1036","1676"
"1036","1677"
"1036","1678"
"1036","1679"
"1036","1680"
"1036","4587"
"1036","4589"
"1037","1688"
"1037","1689"
"1037","1690"
"1037","1691"
"1037","1692"
"1037","4597"
"1038","1214"
"1038","1219"
"1038","1884"
"1038","1887"
"1038","1890"
"1038","4476"
"1038","4480"
"1039","4599"
"1039","4600"
"1040","1306"
"1040","2753"
"1043","2044"
"1043","2054"
"1046","1841"
"1046","1844"
"1046","1845"
"1047","1847"
"1047","1848"
"1047","1851"
"1047","1853"
"1047","1854"
"1048","1780"
"1048","1781"
"1048","1782"
"1048","1783"
"1050","1836"
"1050","1838"
"1050","2796"
"1050","2798"
"1052","1793"
"1052","1794"
"1052","1795"
"1052","1796"
"1052","1797"
"1052","1798"
"1058","1790"
"1058","1791"
"1063","1807"
"1063","1809"
"1063","1810"
"1063","1811"
"1063","1813"
"1063","1814"
"1064","4533"
"1064","4534"
"1065","3243"
"1065","3245"
"1065","3246"
"1065","4567"
"1066","4475"
"1066","4477"
"1067","4479"
"1067","4481"
"1067","4483"
"1067","4485"
"1069","1201"
"1069","1203"
"1069","1275"
"1069","1276"
"1069","1277"
"1069","2526"
"1069","2527"
"1069","2530"
"1069","2535"
"1069","2539"
"1069","2545"
"1069","2549"
"1069","2792"
"1070","1225"
"1070","1875"
"1070","1877"
"1070","4495"
"1070","4497"
"1070","4498"
"1071","2802"
"1071","2804"
"1072","1230"
"1072","2042"
"1072","2748"
"1072","2749"
"1072","2750"
"1072","2805"
"1072","2807"
"1072","4500"
"1072","4502"
"1072","4504"
"1073","1279"
"1073","2756"
"1073","2759"
"1073","4506"
"1074","2050"
"1074","2809"
"1075","2043"
"1075","2818"
"1075","2824"
"1075","4510"
"1076","2827"
"1076","2830"
"1076","4516"
"1077","4519"
"1077","4520"
"1077","4521"
"1078","2840"
"1078","2841"
"1078","2844"
"1079","1282"
"1079","1283"
"1079","2051"
"1079","2052"
"1079","2053"
"1079","4525"
"1079","4529"
"1080","2846"
"1080","2851"
"1081","2852"
"1081","2853"
"1081","2855"
"1081","2857"
"1082","4531"
"1082","4535"
"1082","4536"
"1083","4537"
"1084","4539"
"1085","1255"
"1085","1256"
"1085","1258"
"1085","2623"
"1085","2628"
"1085","2632"
"1085","2634"
"1085","4544"
"1085","4545"
"1086","1211"
"1086","1220"
"1086","1248"
"1086","2638"
"1087","2863"
"1088","1280"
"1088","2777"
"1088","4549"
"1089","1264"
"1089","2765"
"1089","2767"
"1089","4542"
"1090","1962"
"1090","2770"
"1090","4543"
"1091","2867"
"1092","2871"
"1092","2874"
"1093","2876"
"1093","2878"
"1097","1287"
"1097","2882"
"1097","2884"
"1097","2885"
"1098","1288"
"1098","1290"
"1098","2887"
"1099","1291"
"1099","2891"
"1099","2894"
"1099","2896"
"1100","2901"
"1100","2903"
"1101","1294"
"1101","1295"
"1101","1420"
"1101","1670"
"1101","1671"
"1101","1672"
"1101","2906"
"1101","4555"
"1101","4559"
"1102","2778"
"1102","2779"
"1103","1272"
"1103","2781"
"1103","2782"
"1104","2806"
"1104","2808"
"1105","2801"
"1105","2803"
"1106","4562"
"1106","4564"
"1107","1297"
"1107","2788"
"1107","2790"
"1107","2791"
"1107","2793"
"1107","2795"
"1108","1298"
"1108","2057"
"1108","2785"
"1108","2787"
"1110","1358"
"1110","2713"
"1110","2714"
"1110","2716"
"1110","2717"
"1111","2355"
"1111","2357"
"1111","2360"
"1111","2362"
"1111","2363"
"1111","2367"
"1111","2369"
"1111","2370"
"1111","2371"
"1113","2656"
"1113","2657"
"1113","2662"
"1114","725"
"1114","727"
"1114","728"
"1115","1834"
"1115","1835"
"1115","1837"
"1115","1839"
"1115","1840"
"1115","1842"
"1115","1843"
"1115","1846"
"1115","1849"
"1115","1850"
"1115","1852"
"1115","2629"
"1116","1361"
"1116","1363"
"1116","2006"
"1116","2010"
"1116","4482"
"1116","4484"
"1117","1866"
"1117","1867"
"1117","1868"
"1117","1869"
"1117","1871"
"1118","908"
"1118","910"
"1118","921"
"1118","926"
"1118","932"
"1118","934"
"1118","935"
"1119","767"
"1119","770"
"1119","771"
"1119","774"
"1119","778"
"1119","780"
"1119","786"
"1119","791"
"1119","793"
"1119","794"
"1119","797"
"1119","801"
"1119","803"
"1119","805"
"1119","806"
"1119","809"
"1119","810"
"1119","812"
"1119","815"
"1119","817"
"1119","820"
"1119","822"
"1119","2643"
"1120","1926"
"1120","1927"
"1120","1928"
"1120","1929"
"1120","1930"
"1120","1931"
"1120","1932"
"1120","1933"
"1120","1934"
"1120","1935"
"1120","1936"
"1120","1937"
"1120","1938"
"1120","1939"
"1120","1940"
"1120","1941"
"1120","1942"
"1120","1943"
"1120","1944"
"1120","1945"
"1120","1946"
"1120","1947"
"1121","1952"
"1121","1953"
"1121","1954"
"1122","869"
"1122","877"
"1122","880"
"1122","882"
"1122","892"
"1122","896"
"1122","898"
"1123","952"
"1123","954"
"1123","956"
"1123","973"
"1123","976"
"1123","979"
"1123","983"
"1125","1855"
"1125","1859"
"1125","1862"
"1125","1864"
"1125","1865"
"1126","1901"
"1126","1902"
"1126","1903"
"1126","1904"
"1126","1906"
"1127","1349"
"1127","4547"
"1127","4548"
"1127","4550"
"1128","1213"
"1128","1221"
"1128","1870"
"1128","4515"
"1128","4517"
"1129","1326"
"1129","1958"
"1129","4505"
"1129","4507"
"1130","1964"
"1131","1909"
"1131","1910"
"1131","1912"
"1131","1913"
"1132","1957"
"1132","1959"
"1132","1960"
"1132","1961"
"1132","1963"
"1139","1154"
"1139","1155"
"1139","1350"
"1139","2715"
"1139","2718"
"1140","1156"
"1140","1157"
"1140","1158"
"1140","2722"
"1141","1872"
"1141","1873"
"1141","1874"
"1141","1876"
"1141","1878"
"1142","1879"
"1142","1880"
"1142","1882"
"1142","1883"
"1142","2689"
"1143","2001"
"1143","2002"
"1143","2003"
"1143","2004"
"1144","1023"
"1144","1025"
"1144","1026"
"1146","1105"
"1146","1106"
"1146","1108"
"1146","1109"
"1146","1112"
"1146","1114"
"1146","1116"
"1146","1118"
"1146","1119"
"1146","1121"
"1146","1130"
"1146","1131"
"1149","1985"
"1149","1986"
"1149","1987"
"1149","1988"
"1149","1989"
"1149","1991"
"1149","1992"
"1149","1994"
"1149","1995"
"1149","1996"
"1149","1997"
"1149","1998"
"1149","1999"
"1150","1078"
"1150","1081"
"1150","1084"
"1150","1086"
"1150","1088"
"1151","2005"
"1151","2007"
"1151","2008"
"1151","2009"
"1151","2011"
"1151","2012"
"1151","2013"
"1151","2014"
"1151","2015"
"1151","2016"
"1151","2017"
"1151","2018"
"1151","2019"
"1151","2020"
"1151","2021"
"1151","2022"
"1151","2023"
"1151","2024"
"1151","2025"
"1151","2026"
"1151","2027"
"1151","2028"
"1151","2029"
"1151","2030"
"1151","2687"
"1152","2694"
"1152","2697"
"1152","2698"
"1152","2700"
"1152","2703"
"1153","1966"
"1153","1968"
"1153","1969"
"1153","1970"
"1153","1971"
"1153","1972"
"1153","1974"
"1153","1975"
"1153","1977"
"1153","1978"
"1153","1980"
"1153","1981"
"1153","1982"
"1153","1983"
"1154","1039"
"1154","1041"
"1154","1043"
"1154","1046"
"1154","1048"
"1154","1049"
"1154","1050"
"1154","1051"
"1154","1052"
"1155","1060"
"1155","1066"
"1155","1068"
"1155","1071"
"1155","1073"
"1155","1074"
"1155","1076"
"1155","3424"
"1156","2705"
"1156","2707"
"1156","2784"
"1156","4372"
"1156","4373"
"1157","4487"
"1157","4490"
"1157","4491"
"1161","2723"
"1161","2724"
"1161","2726"
"1161","2728"
"1161","2729"
"1161","2730"
"1161","2732"
"1161","4522"
"1161","4523"
"1163","1171"
"1163","1177"
"1163","1179"
"1163","2701"
"1175","1226"
"1175","1227"
"1175","1228"
"1175","2558"
"1176","4595"
"1176","4596"
"1177","1881"
"1178","1316"
"1178","1885"
"1178","1886"
"1178","1888"
"1178","1889"
"1179","1896"
"1179","1905"
"1179","1907"
"1179","1908"
"1180","1317"
"1180","1911"
"1180","1914"
"1181","1245"
"1181","1318"
"1181","2567"
"1181","2570"
"1182","1243"
"1182","1356"
"1182","2578"
"1182","2580"
"1186","1322"
"1186","1323"
"1186","1949"
"1186","2610"
"1186","4603"
"1186","4605"
"1186","4607"
"1187","1324"
"1187","1955"
"1187","4609"
"1187","4610"
"1187","4612"
"1187","4614"
"1191","1956"
"1192","1965"
"1192","2763"
"1193","1967"
"1193","2775"
"1194","1327"
"1194","2772"
"1194","2773"
"1195","1973"
"1195","1976"
"1196","1265"
"1196","2644"
"1196","2645"
"1196","2646"
"1197","1979"
"1198","1340"
"1198","1341"
"1198","1984"
"1198","2649"
"1200","1342"
"1200","1343"
"1200","1344"
"1200","1345"
"1200","2652"
"1200","2654"
"1200","2659"
"1200","2661"
"1200","2663"
"1200","2664"
"1200","2666"
"1200","2668"
"1200","2671"
"1200","2672"
"1200","2674"
"1200","2675"
"1201","1346"
"1201","2677"
"1201","2678"
"1201","2680"
"1201","2681"
"1201","2682"
"1202","1990"
"1202","1993"
"1202","4624"
"1202","4626"
"1202","4628"
"1203","2000"
"1203","2600"
"1203","2604"
"1209","2034"
"1209","2786"
"1209","2789"
"1209","2794"
"1210","2035"
"1210","2036"
"1210","2037"
"1210","4677"
"1210","4681"
"1210","4682"
"1211","4696"
"1211","4699"
"1212","1175"
"1212","2758"
"1212","2764"
"1213","4703"
"1213","4706"
"1213","4709"
"1213","4712"
"1214","4714"
"1217","1212"
"1217","1222"
"1218","2038"
"1218","2039"
"1218","2040"
"1218","2041"
"1218","2819"
"1218","2823"
"1218","2825"
"1219","2743"
"1219","2751"
"1219","2859"
"1219","2862"
"1220","2886"
"1220","2889"
"1220","4720"
"1220","4721"
"1220","4723"
"1227","2820"
"1227","2828"
"1227","2836"
"1227","2838"
"1227","2839"
"1227","2842"
"1227","4753"
"1228","2056"
"1228","2695"
"1228","4748"
"1228","4750"
"1229","4683"
"1229","4686"
"1229","4687"
"1229","4689"
"1229","4691"
"1230","4739"
"1230","4740"
"1230","4743"
"1230","4746"
"1231","4732"
"1231","4733"
"1231","5152"
"1236","2087"
"1236","2088"
"1236","5951"
"1241","2081"
"1241","5952"
"1242","2070"
"1242","2071"
"1243","2082"
"1243","2083"
"1243","2084"
"1243","2085"
"1243","2086"
"1244","1307"
"1244","1308"
"1244","2089"
"1245","2079"
"1245","2080"
"1245","2766"
"1245","2768"
"1246","2075"
"1246","2076"
"1246","2755"
"1246","2757"
"1246","2760"
"1246","5959"
"1246","5960"
"1247","1309"
"1247","2094"
"1247","2095"
"1247","2096"
"1247","2097"
"1247","5969"
"1247","5970"
"1248","5953"
"1248","5954"
"1248","5955"
"1249","2073"
"1249","2074"
"1249","5963"
"1249","5964"
"1249","5965"
"1250","2092"
"1250","2093"
"1256","2103"
"1256","2104"
"1257","2090"
"1257","2091"
"1258","2046"
"1258","2072"
"1259","2048"
"1259","2102"
"1260","2047"
"1260","2745"
"1260","2747"
"1261","2098"
"1261","5956"
"1262","2077"
"1262","2078"
"1262","2761"
"1262","2762"
"1266","5966"
"1267","2045"
"1267","2058"
"1267","2059"
"1268","2049"
"1268","2099"
"1268","2100"
"1268","2101"
"1268","5961"
"1268","5962"
"1271","1354"
"1271","2711"
"1271","5967"
"1271","5968"
"1272","1300"
"1272","2068"
"1272","2069"
"1272","2741"
"1272","5957"
"1272","5958"
"1273","2064"
"1273","2065"
"1273","2066"
"1273","2067"
"1274","2055"
"1274","2060"
"1274","2061"
"1274","2062"
"1274","2063"
"1277","1362"
"1277","1625"
"1277","1626"
"1279","624"
"1279","625"
"1279","626"
"1279","627"
"1279","628"
"1279","629"
"1279","630"
"1280","558"
"1280","560"
"1280","562"
"1280","563"
"1281","530"
"1281","533"
"1281","536"
"1281","541"
"1281","542"
"1281","545"
"1281","3116"
"1281","3139"
"1281","3143"
"1281","3146"
"1281","3152"
"1282","616"
"1282","617"
"1282","618"
"1282","3155"
"1282","3159"
"1282","3172"
"1282","3176"
"1282","3183"
"1283","3188"
"1283","3193"
"1283","3195"
"1283","3198"
"1283","3200"
"1283","3201"
"1284","515"
"1284","517"
"1284","520"
"1284","524"
"1284","526"
"1285","583"
"1285","586"
"1285","589"
"1285","590"
"1285","591"
"1285","592"
"1285","593"
"1286","549"
"1286","551"
"1286","553"
"1287","601"
"1287","602"
"1287","603"
"1290","658"
"1290","659"
"1291","596"
"1291","598"
"1291","3428"
"1291","3431"
"1291","3433"
"1291","3439"
"1291","3441"
"1291","3442"
"1292","631"
"1292","632"
"1292","633"
"1294","619"
"1294","620"
"1294","621"
"1294","622"
"1294","623"
"1295","660"
"1295","661"
"1295","662"
"1295","663"
"1295","664"
"1295","665"
"1295","666"
"1295","667"
"1300","650"
"1300","651"
"1300","652"
"1300","653"
"1300","654"
"1300","655"
"1300","656"
"1300","657"
"1301","645"
"1301","646"
"1301","647"
"1301","648"
"1301","649"
"1303","393"
"1303","394"
"1303","395"
"1306","634"
"1306","636"
"1306","637"
"1306","638"
"1306","639"
"1306","641"
"1306","642"
"1306","644"
"1310","703"
"1310","718"
"1310","729"
"1310","740"
"1310","746"
"1310","3960"
"1310","3969"
"1310","3972"
"1312","604"
"1312","605"
"1312","606"
"1312","607"
"1313","594"
"1313","595"
"1313","597"
"1313","599"
"1313","600"
"1316","453"
"1316","454"
"1316","455"
"1316","456"
"1316","457"
"1316","458"
"1316","459"
"1317","467"
"1317","468"
"1317","469"
"1317","470"
"1317","471"
"1317","472"
"1317","473"
"1317","474"
"1317","475"
"1320","359"
"1320","360"
"1320","361"
"1320","362"
"1321","550"
"1321","552"
"1321","554"
"1321","555"
"1321","556"
"1321","557"
"1322","498"
"1322","499"
"1322","500"
"1323","363"
"1323","364"
"1323","365"
"1323","366"
"1323","367"
"1324","377"
"1324","378"
"1324","379"
"1324","380"
"1324","381"
"1324","382"
"1324","383"
"1324","384"
"1324","385"
"1324","386"
"1324","387"
"1325","510"
"1325","511"
"1325","512"
"1326","422"
"1326","423"
"1326","424"
"1326","425"
"1326","426"
"1327","368"
"1327","369"
"1327","370"
"1327","371"
"1327","372"
"1327","373"
"1327","374"
"1328","375"
"1328","376"
"1329","400"
"1329","401"
"1329","402"
"1329","404"
"1329","405"
"1329","406"
"1330","435"
"1330","436"
"1330","437"
"1330","438"
"1330","439"
"1330","440"
"1332","486"
"1332","487"
"1332","488"
"1332","489"
"1333","427"
"1333","428"
"1333","429"
"1334","490"
"1334","491"
"1334","492"
"1334","493"
"1335","430"
"1335","431"
"1335","432"
"1335","433"
"1335","434"
"1336","494"
"1336","495"
"1336","496"
"1336","497"
"1337","513"
"1337","514"
"1337","516"
"1337","518"
"1337","519"
"1338","574"
"1338","576"
"1338","577"
"1338","578"
"1338","580"
"1339","506"
"1339","507"
"1339","508"
"1339","509"
"1340","581"
"1340","582"
"1340","584"
"1340","585"
"1340","587"
"1340","588"
"1342","407"
"1342","408"
"1342","409"
"1342","410"
"1342","411"
"1342","412"
"1342","413"
"1343","441"
"1344","418"
"1344","419"
"1344","420"
"1344","421"
"1345","415"
"1345","416"
"1345","417"
"1346","501"
"1346","502"
"1347","503"
"1347","504"
"1347","505"
"1350","396"
"1350","397"
"1350","398"
"1350","399"
"1351","442"
"1351","443"
"1351","444"
"1351","445"
"1351","446"
"1351","447"
"1351","448"
"1351","449"
"1351","450"
"1351","451"
"1351","452"
"1353","460"
"1353","461"
"1353","462"
"1353","463"
"1353","464"
"1353","465"
"1353","466"
"1354","476"
"1354","477"
"1354","478"
"1354","479"
"1354","480"
"1354","481"
"1354","482"
"1354","483"
"1354","484"
"1354","485"
"1355","521"
"1355","522"
"1355","523"
"1356","534"
"1356","535"
"1356","537"
"1356","538"
"1356","539"
"1356","540"
"1357","559"
"1357","561"
"1357","564"
"1358","525"
"1358","527"
"1359","543"
"1359","544"
"1359","546"
"1360","565"
"1360","567"
"1360","569"
"1361","528"
"1361","529"
"1361","531"
"1361","532"
"1362","547"
"1362","548"
"1363","571"
"1366","3290"
"1369","874"
"1369","881"
"1369","895"
"1369","920"
"1369","931"
"1371","1028"
"1371","1032"
"1371","1034"
"1371","1035"
"1371","1037"
"1371","1040"
"1371","1042"
"1371","1044"
"1371","1047"
"1375","936"
"1376","964"
"1376","974"
"1376","980"
"1376","989"
"1376","992"
"1376","994"
"1376","999"
"1377","3296"
"1377","3298"
"1377","3300"
"1377","3302"
"1377","3303"
"1377","3306"
"1377","3307"
"1377","3308"
"1378","942"
"1378","946"
"1378","950"
"1378","955"
"1380","1053"
"1380","1054"
"1380","1055"
"1380","1057"
"1380","1058"
"1380","1059"
"1380","1063"
"1381","1004"
"1381","1007"
"1381","1011"
"1383","1067"
"1383","1070"
"1383","1072"
"1383","1077"
"1383","1079"
"1383","1080"
"1383","1082"
"1388","1127"
"1388","3312"
"1388","3314"
"1388","3316"
"1388","3319"
"1388","3321"
"1388","3324"
"1389","3326"
"1389","3328"
"1389","3329"
"1389","3330"
"1390","1036"
"1390","1045"
"1390","1056"
"1390","1061"
"1390","1062"
"1390","1064"
"1390","1065"
"1404","3206"
"1404","3207"
"1405","852"
"1405","855"
"1406","3384"
"1407","3503"
"1407","3505"
"1407","3506"
"1407","3508"
"1423","4069"
"1423","4070"
"1424","4074"
"1424","4077"
"1425","4081"
"1425","4083"
"1426","1448"
"1426","1449"
"1426","1450"
"1426","1451"
"1427","3976"
"1427","3979"
"1428","4008"
"1428","4010"
"1428","4011"
"1428","4012"
"1429","4004"
"1429","4006"
"1429","4007"
"1429","4272"
"1429","4274"
"1429","4276"
"1430","3982"
"1430","3985"
"1430","3988"
"1430","3990"
"1430","3993"
"1430","3995"
"1430","3998"
"1430","3999"
"1431","4229"
"1431","4231"
"1431","4232"
"1431","4234"
"1431","4236"
"1431","4239"
"1431","4242"
"1431","4244"
"1431","4247"
"1431","4250"
"1432","4256"
"1432","4259"
"1432","4262"
"1432","4264"
"1432","4267"
"1433","4211"
"1433","4214"
"1433","4216"
"1433","4218"
"1433","4220"
"1433","4222"
"1433","4224"
"1433","4225"
"1433","4226"
"1434","4365"
"1434","4366"
"1434","4367"
"1436","4025"
"1436","4027"
"1437","3928"
"1437","3930"
"1437","3932"
"1438","4368"
"1438","4369"
"1439","4042"
"1439","4044"
"1440","4013"
"1440","4014"
"1440","4015"
"1441","4019"
"1441","4020"
"1442","4190"
"1442","4192"
"1442","4195"
"1442","4197"
"1442","4199"
"1443","4155"
"1443","4156"
"1443","4157"
"1443","4159"
"1443","4160"
"1444","4179"
"1444","4181"
"1444","4183"
"1444","4184"
"1444","4185"
"1445","3884"
"1445","3889"
"1445","3892"
"1445","3898"
"1445","3904"
"1445","3907"
"1445","3909"
"1445","3912"
"1445","4052"
"1445","4056"
"1445","4059"
"1445","4062"
"1446","4344"
"1446","4347"
"1446","4350"
"1446","4354"
"1446","4356"
"1446","4359"
"1446","4361"
"1447","4090"
"1447","4091"
"1447","4093"
"1447","4094"
"1447","4123"
"1447","4124"
"1447","4128"
"1447","4131"
"1447","4135"
"1447","4138"
"1447","4140"
"1448","4100"
"1448","4102"
"1448","4104"
"1448","4106"
"1448","4109"
"1448","4110"
"1451","4286"
"1451","4289"
"1451","4291"
"1451","4293"
"1451","4297"
"1451","4300"
"1451","4303"
"1453","3940"
"1453","3941"
"1453","3943"
"1453","3947"
"1453","3951"
"1453","3955"
"1453","4143"
"1453","4145"
"1453","4146"
"1453","4148"
"1453","4150"
"1453","4151"
"1456","4029"
"1456","4032"
"1456","4035"
"1456","4037"
"1456","4038"
"1457","4112"
"1457","4113"
"1457","4115"
"1457","4116"
"1457","4117"
"1457","4119"
"1457","4120"
"1458","4309"
"1458","4315"
"1458","4317"
"1458","4319"
"1458","4320"
"1458","4322"
"1460","1555"
"1460","1558"
"1460","1560"
"1460","1562"
"1460","1566"
"1460","1568"
"1463","4168"
"1463","4172"
"1463","4173"
"1463","4174"
"1467","2917"
"1467","2918"
"1467","4621"
"1467","4622"
"1467","4627"
"1467","4629"
"1468","1274"
"1468","2913"
"1468","2914"
"1468","2915"
"1468","2916"
"1468","3377"
"1469","1159"
"1469","2957"
"1469","2960"
"1470","3029"
"1470","3034"
"1470","3038"
"1470","3042"
"1470","3045"
"1470","4647"
"1470","4653"
"1470","4658"
"1470","4976"
"1470","4978"
"1471","1251"
"1471","1436"
"1471","2899"
"1471","2900"
"1471","3366"
"1471","3375"
"1473","1286"
"1473","1289"
"1473","3039"
"1473","3040"
"1473","3041"
"1473","4980"
"1473","4981"
"1474","1397"
"1474","1398"
"1474","3120"
"1474","3122"
"1474","3123"
"1475","1360"
"1475","1368"
"1475","1375"
"1475","1376"
"1475","3102"
"1475","3103"
"1475","3104"
"1475","3105"
"1475","3106"
"1476","3096"
"1476","3097"
"1476","3098"
"1476","3099"
"1476","3100"
"1476","3101"
"1477","3124"
"1477","3126"
"1477","3128"
"1477","3129"
"1477","3131"
"1477","3133"
"1477","3135"
"1477","3136"
"1478","3044"
"1478","3046"
"1478","3047"
"1478","3048"
"1478","3049"
"1478","3050"
"1478","3051"
"1478","3052"
"1479","3030"
"1479","3032"
"1479","3033"
"1479","3035"
"1479","3036"
"1479","3037"
"1481","1335"
"1481","1336"
"1481","1348"
"1481","3094"
"1481","3095"
"1482","2945"
"1482","2946"
"1482","2947"
"1482","2948"
"1482","2949"
"1482","2950"
"1482","2951"
"1482","2952"
"1483","1160"
"1483","3283"
"1483","3284"
"1483","3286"
"1483","3288"
"1483","3289"
"1483","3292"
"1483","3293"
"1485","1384"
"1485","3107"
"1485","3108"
"1485","3109"
"1485","3110"
"1485","3111"
"1485","3112"
"1486","1387"
"1486","1393"
"1486","3115"
"1486","3117"
"1486","3118"
"1487","1313"
"1487","1319"
"1487","3087"
"1487","3088"
"1487","3089"
"1491","3083"
"1491","3084"
"1491","3085"
"1491","3086"
"1491","3259"
"1491","5099"
"1492","1164"
"1492","1166"
"1492","2961"
"1492","2963"
"1492","2964"
"1492","2965"
"1492","3297"
"1492","5104"
"1492","5105"
"1492","5106"
"1492","5108"
"1492","5110"
"1493","1281"
"1493","3023"
"1493","5115"
"1493","5117"
"1493","5119"
"1493","5120"
"1493","5121"
"1493","5122"
"1493","5124"
"1493","5125"
"1493","5127"
"1493","5128"
"1493","5130"
"1493","5131"
"1493","5132"
"1493","5133"
"1494","1261"
"1494","1442"
"1494","2907"
"1494","2908"
"1494","2909"
"1494","2910"
"1494","3371"
"1494","4898"
"1494","4903"
"1494","4905"
"1495","3059"
"1495","3060"
"1495","3061"
"1495","3062"
"1495","3064"
"1495","5135"
"1495","5136"
"1495","5137"
"1495","5138"
"1495","5139"
"1496","3090"
"1496","3091"
"1496","3092"
"1496","3093"
"1497","1296"
"1497","3058"
"1497","5355"
"1497","5358"
"1497","5359"
"1497","5360"
"1497","5362"
"1499","1178"
"1499","2969"
"1499","2970"
"1499","2971"
"1499","2972"
"1499","5140"
"1499","5254"
"1502","3053"
"1502","3054"
"1502","3055"
"1502","3056"
"1502","3057"
"1503","1284"
"1503","1285"
"1503","3024"
"1503","3025"
"1503","3026"
"1503","3027"
"1503","3028"
"1504","1299"
"1504","1301"
"1504","1304"
"1504","3066"
"1504","3068"
"1504","3069"
"1504","3071"
"1504","3072"
"1504","3074"
"1504","3075"
"1504","3076"
"1504","3077"
"1504","3078"
"1505","1305"
"1505","3079"
"1505","3080"
"1505","3081"
"1505","3082"
"1507","1181"
"1507","2977"
"1507","2979"
"1507","2980"
"1507","2982"
"1507","3304"
"1507","5363"
"1507","5364"
"1507","5365"
"1507","5367"
"1507","5371"
"1509","3138"
"1509","3140"
"1509","3141"
"1510","3144"
"1510","3147"
"1510","3149"
"1510","3150"
"1510","3151"
"1511","1069"
"1511","3113"
"1512","3338"
"1512","3339"
"1512","3342"
"1512","3344"
"1512","3346"
"1512","4638"
"1512","4640"
"1512","4641"
"1512","4643"
"1513","1421"
"1513","1422"
"1513","1423"
"1513","1424"
"1513","2998"
"1513","4662"
"1513","4985"
"1514","1134"
"1514","1137"
"1514","1140"
"1514","1143"
"1514","1146"
"1514","1148"
"1514","1150"
"1514","1152"
"1514","1153"
"1514","2709"
"1514","2710"
"1514","2712"
"1514","4664"
"1514","4668"
"1514","4670"
"1514","4671"
"1514","4741"
"1514","5008"
"1515","1273"
"1515","3814"
"1515","3815"
"1515","3817"
"1515","4675"
"1515","4679"
"1515","4680"
"1515","4684"
"1515","4685"
"1515","4688"
"1515","4690"
"1516","4693"
"1516","4697"
"1516","4701"
"1516","4705"
"1516","4707"
"1517","4708"
"1517","4713"
"1517","4715"
"1517","4717"
"1517","4719"
"1517","4722"
"1517","4725"
"1517","4727"
"1517","4729"
"1517","4730"
"1517","4731"
"1518","3000"
"1518","3001"
"1518","3002"
"1518","3004"
"1518","3005"
"1518","4734"
"1518","4735"
"1518","4736"
"1518","4737"
"1518","4738"
"1518","4988"
"1518","4989"
"1519","1075"
"1519","1090"
"1519","1093"
"1519","1098"
"1519","1102"
"1519","3119"
"1519","3121"
"1520","3348"
"1520","3349"
"1520","3351"
"1520","3352"
"1520","3353"
"1520","3355"
"1520","4742"
"1520","4744"
"1520","4747"
"1520","4749"
"1520","4751"
"1521","3269"
"1521","3274"
"1521","3277"
"1521","3280"
"1521","3358"
"1521","3360"
"1522","4755"
"1522","4756"
"1522","4758"
"1522","4759"
"1522","4760"
"1522","4763"
"1522","4765"
"1522","4766"
"1522","4768"
"1522","4772"
"1522","4774"
"1522","4779"
"1522","4781"
"1522","4782"
"1522","4783"
"1522","4785"
"1522","4787"
"1522","4789"
"1522","4790"
"1522","4792"
"1522","4793"
"1522","4796"
"1522","5083"
"1523","4801"
"1523","4805"
"1523","4806"
"1523","4809"
"1523","5094"
"1526","1115"
"1526","1122"
"1526","1124"
"1526","1126"
"1526","1129"
"1526","1132"
"1526","1136"
"1526","1138"
"1526","1142"
"1526","3125"
"1526","3127"
"1526","3130"
"1526","3132"
"1526","3134"
"1526","3137"
"1526","3142"
"1526","3145"
"1526","3148"
"1526","3153"
"1526","3154"
"1526","3156"
"1526","3157"
"1526","3158"
"1526","3160"
"1526","3161"
"1526","3162"
"1526","3164"
"1526","3166"
"1526","3167"
"1526","3169"
"1526","3170"
"1526","3171"
"1526","3173"
"1526","3174"
"1526","3175"
"1526","3177"
"1526","3179"
"1528","4819"
"1528","4826"
"1528","4828"
"1528","4831"
"1528","4832"
"1529","1237"
"1529","3182"
"1529","3185"
"1529","3187"
"1529","3189"
"1529","3192"
"1529","3197"
"1529","3199"
"1529","3202"
"1529","3203"
"1529","3204"
"1529","3205"
"1529","3684"
"1529","3686"
"1529","3689"
"1529","3694"
"1529","4835"
"1529","4839"
"1530","3211"
"1530","3213"
"1530","3215"
"1530","3217"
"1530","3218"
"1530","3221"
"1530","3223"
"1530","3225"
"1530","4845"
"1530","4848"
"1531","3226"
"1531","3227"
"1531","3230"
"1531","3233"
"1531","3236"
"1531","3237"
"1531","3242"
"1531","4853"
"1531","4855"
"1531","4858"
"1531","4861"
"1531","4863"
"1531","4865"
"1531","4866"
"1532","4867"
"1532","4868"
"1532","4871"
"1532","4873"
"1532","4874"
"1536","3310"
"1536","3313"
"1536","3315"
"1536","3317"
"1536","4879"
"1536","4883"
"1537","3320"
"1537","3323"
"1537","3327"
"1537","3331"
"1537","3332"
"1537","4886"
"1537","4888"
"1537","4892"
"1538","3264"
"1538","4913"
"1538","4915"
"1538","4917"
"1539","4922"
"1539","4925"
"1539","4928"
"1539","4930"
"1539","4931"
"1547","4941"
"1547","4943"
"1547","4946"
"1551","5302"
"1551","5305"
"1552","3550"
"1552","3555"
"1552","3559"
"1552","3562"
"1552","3563"
"1553","3014"
"1553","3015"
"1553","3612"
"1553","5314"
"1554","3016"
"1554","3017"
"1554","3018"
"1554","5316"
"1555","5436"
"1555","5437"
"1555","5439"
"1555","5441"
"1555","5445"
"1555","5447"
"1555","5448"
"1556","5451"
"1556","5453"
"1556","5455"
"1556","5457"
"1556","5459"
"1556","5461"
"1556","5464"
"1556","5465"
"1556","5476"
"1556","5477"
"1556","5479"
"1559","2929"
"1559","2941"
"1559","2944"
"1559","2953"
"1560","2954"
"1560","2955"
"1560","2956"
"1560","2958"
"1560","2959"
"1560","2962"
"1560","5532"
"1560","5534"
"1560","5535"
"1560","5537"
"1561","2978"
"1561","2981"
"1561","2985"
"1561","2987"
"1561","2989"
"1561","2992"
"1561","3007"
"1561","3590"
"1562","2996"
"1562","2997"
"1562","2999"
"1562","3003"
"1562","3006"
"1562","3008"
"1562","3594"
"1562","5539"
"1562","5541"
"1562","5542"
"1562","5543"
"1562","5544"
"1564","5545"
"1564","5546"
"1564","5547"
"1564","5548"
"1564","5549"
"1564","5550"
"1564","5551"
"1565","5553"
"1565","5554"
"1565","5555"
"1565","5556"
"1565","5557"
"1565","5558"
"1565","5559"
"1565","5560"
"1565","5562"
"1565","5564"
"1565","5565"
"1565","5566"
"1565","5567"
"1566","5569"
"1566","5570"
"1566","5571"
"1567","5574"
"1567","5575"
"1567","5576"
"1571","5580"
"1571","5582"
"1571","5584"
"1571","5585"
"1571","5586"
"1571","5588"
"1571","5589"
"1571","5590"
"1574","5603"
"1574","5605"
"1574","5606"
"1574","5609"
"1574","5611"
"1576","3019"
"1576","3020"
"1576","3021"
"1576","3022"
"1576","5614"
"1576","5615"
"1576","5617"
"1576","5620"
"1577","5618"
"1577","5619"
"1577","5621"
"1579","5622"
"1579","5623"
"1579","5624"
"1579","5625"
"1579","5626"
"1579","5627"
"1584","5628"
"1584","5629"
"1584","5630"
"1584","5631"
"1584","5632"
"1584","5633"
"1584","5634"
"1585","3009"
"1585","3010"
"1585","3011"
"1585","3012"
"1585","3013"
"1585","5636"
"1585","5637"
"1585","5638"
"1585","5639"
"1585","5641"
"1585","5642"
"1586","5644"
"1586","5645"
"1586","5646"
"1586","5648"
"1586","5649"
"1586","5650"
"1587","5651"
"1587","5652"
"1587","5653"
"1587","5654"
"1597","5671"
"1597","5672"
"1597","5673"
"1597","5674"
"1597","5675"
"1597","5676"
"1597","5677"
"1597","5678"
"1598","5681"
"1598","5682"
"1598","5683"
"1598","5684"
"1598","5685"
"1598","5687"
"1612","3063"
"1612","3065"
"1612","3067"
"1612","3070"
"1612","3073"
"1613","5482"
"1613","5484"
"1613","5485"
"1613","5486"
"1613","5487"
"1613","5488"
"1613","5489"
"1613","5490"
"1613","5491"
"1613","5495"
"1614","5492"
"1614","5493"
"1614","5494"
"1614","5496"
"1614","5497"
"1614","5498"
"1614","5499"
"1614","5500"
"1614","5501"
"1615","5502"
"1615","5503"
"1615","5504"
"1615","5505"
"1615","5506"
"1615","5507"
"1615","5508"
"1615","5509"
"1615","5510"
"1617","3208"
"1617","3209"
"1617","3210"
"1617","3216"
"1617","3220"
"1617","3238"
"1617","3240"
"1617","3241"
"1617","3244"
"1617","5511"
"1617","5512"
"1617","5513"
"1617","5514"
"1617","5515"
"1618","3247"
"1618","3248"
"1618","3250"
"1618","3252"
"1618","3254"
"1618","3267"
"1618","3268"
"1618","3271"
"1618","3275"
"1618","5516"
"1618","5517"
"1618","5518"
"1619","3281"
"1619","3285"
"1619","3287"
"1619","3291"
"1619","3294"
"1619","3295"
"1619","3299"
"1619","3301"
"1619","3305"
"1619","5519"
"1619","5520"
"1619","5521"
"1620","3309"
"1620","3311"
"1620","3318"
"1620","3322"
"1620","3325"
"1620","5522"
"1620","5524"
"1620","5525"
"1620","5526"
"1621","3333"
"1621","3336"
"1621","3341"
"1621","3343"
"1621","3347"
"1621","3350"
"1621","5528"
"1621","5529"
"1621","5530"
"1622","3357"
"1622","3362"
"1622","3364"
"1622","3367"
"1622","3368"
"1623","5591"
"1623","5593"
"1623","5594"
"1623","5595"
"1623","5597"
"1624","3372"
"1624","3374"
"1624","3376"
"1624","3378"
"1624","3379"
"1624","3383"
"1624","3387"
"1624","5601"
"1627","3391"
"1627","3392"
"1627","3393"
"1627","3395"
"1627","3401"
"1627","3405"
"1628","3411"
"1628","3413"
"1628","3415"
"1628","3417"
"1628","3421"
"1628","3423"
"1629","3426"
"1629","3427"
"1629","3429"
"1629","3430"
"1629","3432"
"1629","3443"
"1630","3455"
"1630","3463"
"1630","3473"
"1630","3477"
"1630","3488"
"1630","3499"
"1631","3457"
"1631","3467"
"1631","3474"
"1631","3480"
"1631","3493"
"1631","3500"
"1632","3459"
"1632","3470"
"1632","3475"
"1632","3484"
"1632","3495"
"1632","3501"
"1633","3510"
"1633","3512"
"1633","3516"
"1633","3519"
"1633","3524"
"1633","3527"
"1634","3507"
"1634","3534"
"1634","3538"
"1634","3540"
"1634","3542"
"1634","3543"
"1635","3509"
"1635","3513"
"1635","3515"
"1635","3520"
"1635","3522"
"1635","3528"
"1635","5660"
"1635","5662"
"1635","5663"
"1635","5664"
"1635","5666"
"1635","5667"
"1635","5669"
"1635","5670"
"1636","3494"
"1636","3496"
"1636","3497"
"1636","3498"
"1636","3502"
"1636","3504"
"1637","5688"
"1637","5689"
"1637","5690"
"1637","5691"
"1637","5692"
"1638","3464"
"1638","3466"
"1638","3469"
"1638","3471"
"1638","3472"
"1638","3476"
"1639","3380"
"1639","3381"
"1639","3382"
"1640","5694"
"1640","5695"
"1640","5696"
"1640","5697"
"1640","5698"
"1640","5699"
"1640","5700"
"1641","3416"
"1641","3418"
"1641","3420"
"1641","3422"
"1641","3425"
"1642","3407"
"1642","3408"
"1642","3409"
"1642","3410"
"1642","3412"
"1642","3414"
"1643","3402"
"1643","3403"
"1643","3404"
"1643","3406"
"1644","3394"
"1644","3396"
"1644","3397"
"1644","3398"
"1644","3399"
"1644","3400"
"1645","3385"
"1645","3386"
"1645","3388"
"1645","3389"
"1645","3390"
"1645","5701"
"1647","1391"
"1647","1394"
"1647","1396"
"1647","2847"
"1647","2848"
"1647","2850"
"1647","5153"
"1647","5154"
"1647","5156"
"1647","5158"
"1647","5160"
"1647","5164"
"1647","5166"
"1647","5168"
"1647","5169"
"1647","5170"
"1648","1406"
"1648","1411"
"1648","1418"
"1649","1407"
"1649","1412"
"1649","1419"
"1651","2856"
"1651","2858"
"1651","2860"
"1651","2861"
"1651","2864"
"1651","2865"
"1653","1425"
"1653","2875"
"1653","2877"
"1654","2866"
"1654","2868"
"1654","2870"
"1654","2872"
"1656","2879"
"1656","2880"
"1658","2881"
"1658","2883"
"1663","5234"
"1663","5235"
"1663","5237"
"1663","5238"
"1665","2192"
"1665","2193"
"1665","2194"
"1668","1367"
"1668","1428"
"1668","2109"
"1668","2110"
"1668","5267"
"1668","5269"
"1668","5272"
"1668","5274"
"1669","1430"
"1670","2821"
"1670","2822"
"1670","5256"
"1671","2826"
"1671","2829"
"1671","2831"
"1671","2832"
"1671","2834"
"1672","2888"
"1672","2890"
"1673","2105"
"1673","5259"
"1673","5263"
"1675","1426"
"1675","2106"
"1675","2107"
"1675","2108"
"1679","2923"
"1679","2924"
"1679","2925"
"1679","2926"
"1679","2927"
"1679","2928"
"1681","2930"
"1681","2931"
"1681","2932"
"1681","2933"
"1682","2934"
"1682","2935"
"1682","2936"
"1682","2937"
"1683","2938"
"1683","2939"
"1683","2940"
"1683","2942"
"1683","2943"
"1685","2919"
"1685","2920"
"1685","2921"
"1685","2922"
"1690","2966"
"1690","2967"
"1690","2968"
"1691","5112"
"1691","5114"
"1694","2973"
"1694","2974"
"1694","2975"
"1694","2976"
"1696","2983"
"1696","2984"
"1696","2986"
"1696","3793"
"1696","3794"
"1696","3795"
"1699","2991"
"1699","2993"
"1699","2994"
"1699","2995"
"1701","1388"
"1701","2813"
"1701","2814"
"1701","2815"
"1702","1389"
"1702","2816"
"1702","2817"
"1702","4970"
"1702","4971"
"1702","4974"
"1703","1370"
"1703","1371"
"1703","2111"
"1703","2112"
"1703","2113"
"1703","2114"
"1703","2115"
"1703","2116"
"1703","2117"
"1703","2118"
"1703","2119"
"1703","2120"
"1703","2121"
"1703","2122"
"1703","2123"
"1703","2124"
"1703","5009"
"1704","2125"
"1704","2126"
"1704","2127"
"1704","2128"
"1704","2129"
"1704","2130"
"1704","2131"
"1704","2132"
"1704","2133"
"1704","2134"
"1704","2135"
"1704","2136"
"1705","2137"
"1705","2138"
"1705","2139"
"1705","2140"
"1705","2141"
"1705","5013"
"1705","5016"
"1706","2142"
"1706","2143"
"1706","2145"
"1706","2147"
"1706","2148"
"1706","2150"
"1706","5021"
"1706","5024"
"1706","5028"
"1707","1373"
"1707","1374"
"1707","2153"
"1707","2799"
"1707","2800"
"1707","5033"
"1707","5034"
"1707","5036"
"1707","5039"
"1707","5041"
"1707","5044"
"1707","5047"
"1707","5062"
"1708","2151"
"1708","2152"
"1708","2154"
"1708","2155"
"1708","2156"
"1708","2157"
"1708","5052"
"1708","5053"
"1708","5054"
"1708","5056"
"1709","2158"
"1709","2159"
"1709","2160"
"1709","2161"
"1709","2162"
"1709","2163"
"1709","2164"
"1709","2165"
"1709","5058"
"1709","5060"
"1709","5061"
"1709","5063"
"1709","5066"
"1709","5067"
"1709","5069"
"1709","5071"
"1710","2166"
"1710","2167"
"1710","2168"
"1710","5072"
"1711","2169"
"1711","2170"
"1711","2171"
"1711","2172"
"1711","2173"
"1711","5074"
"1712","1092"
"1712","1094"
"1712","1095"
"1712","1096"
"1712","1099"
"1712","1100"
"1712","1101"
"1712","1103"
"1713","1377"
"1713","1378"
"1713","2174"
"1713","2175"
"1713","2176"
"1713","2177"
"1713","2178"
"1713","2179"
"1713","2180"
"1713","2181"
"1713","2182"
"1713","2183"
"1713","2184"
"1713","2185"
"1713","2186"
"1713","2187"
"1713","2188"
"1713","2189"
"1713","2190"
"1713","2191"
"1713","5085"
"1713","5087"
"1713","5089"
"1713","5092"
"1716","2195"
"1716","2196"
"1716","2197"
"1716","2198"
"1716","2199"
"1716","2200"
"1716","2201"
"1716","2202"
"1716","2203"
"1716","2204"
"1716","2205"
"1716","2206"
"1716","2207"
"1716","2208"
"1717","2810"
"1717","2811"
"1717","2812"
"1950","5791"
"1950","5792"
"1950","5793"
"1950","5794"
"1951","5795"
"1951","5796"
"1951","5797"
"1951","5798"
"1951","5799"
"1953","5834"
"1953","5835"
"1953","5836"
"1955","5924"
"1955","5925"
"1955","5926"
"1955","5927"
"1956","5928"
"1956","5929"
"1956","5930"
"1957","5873"
"1957","5874"
"1957","5875"
"1957","5876"
"1957","5877"
"1958","5947"
"1958","5948"
"1958","5949"
"1958","5950"
"1959","5933"
"1960","5922"
"1960","5923"
"1960","5931"
"1961","5932"
"1962","4469"
"1962","4470"
"1962","4471"
"1962","4472"
"1962","4473"
"1962","4474"
"1963","5898"
"1963","5899"
"1963","5900"
"1963","5901"
"1964","4422"
"1964","4423"
"1964","4424"
"1964","4425"
"1964","4426"
"1964","4427"
"1965","5711"
"1966","5713"
"1966","5715"
"1966","5719"
"1966","5720"
"1966","5721"
"1967","5723"
"1967","5724"
"1967","5726"
"1967","5727"
"1967","5730"
"1968","5865"
"1968","5866"
"1969","5808"
"1969","5809"
"1969","5810"
"1969","5811"
"1969","5812"
"1969","5813"
"1969","5814"
"1970","5804"
"1970","5805"
"1970","5806"
"1970","5807"
"1971","5733"
"1971","5737"
"1971","5738"
"1972","5740"
"1972","5741"
"1972","5742"
"1974","5864"
"1975","5747"
"1976","5754"
"1977","5750"
"1979","5815"
"1979","5817"
"1980","5889"
"1980","5890"
"1980","5891"
"1982","5829"
"1983","5831"
"1984","5848"
"1984","5851"
"1984","5857"
"1985","5825"
"1985","5826"
"1987","5820"
"1987","5822"
"1988","4454"
"1988","4455"
"1988","4456"
"1988","4457"
"1988","4458"
"1988","4459"
"1988","4460"
"1988","4461"
"1989","4462"
"1989","4463"
"1989","4464"
"1989","4465"
"1989","4466"
"1989","4467"
"1989","4468"
"1990","4421"
"1992","5885"
"1992","5886"
"1992","5887"
"1992","5888"
"1993","5881"
"1993","5882"
"1993","5883"
"1993","5884"
"1994","5946"
"1996","5938"
"1996","5939"
"1996","5940"
"1996","5941"
"1996","5942"
"1996","5943"
"1996","5944"
"1996","5945"
"1997","5892"
"1997","5893"
"1997","5894"
"1998","5895"
"1998","5896"
"1998","5897"
"1999","5878"
"1999","5879"
"1999","5880"
"2000","5934"
"2000","5935"
"2000","5936"
"2000","5937"
"2001","5910"
"2001","5911"
"2001","5912"
"2001","5913"
"2001","5914"
"2001","5915"
"2002","5916"
"2002","5917"
"2002","5918"
"2002","5919"
"2002","5920"
"2002","5921"
"2003","4440"
"2003","4441"
"2003","4442"
"2003","4443"
"2003","4444"
"2005","5902"
"2005","5903"
"2005","5904"
"2005","5905"
"2005","5906"
"2005","5907"
"2005","5908"
"2005","5909"
"2007","5838"
"2007","5841"
"2007","5842"
"2008","4453"
"2009","4428"
"2009","4429"
"2009","4430"
"2009","4431"
"2009","4432"
"2009","4433"
"2009","4434"
"2009","4435"
"2009","4436"
"2009","4437"
"2009","4438"
"2009","4439"
"2054","4585"
"2054","4586"
"2064","4588"
"2066","4590"
"2066","4591"
"2066","4593"
"2068","4606"
"2068","4608"
"2069","4601"
"2069","4602"
"2072","5273"
"2072","5275"
"2072","5276"
"2072","5277"
"2072","5278"
"2073","5296"
"2073","5297"
"2073","5298"
"2073","5299"
"2073","5300"
"2073","5301"
"2073","5303"
"2073","5304"
"2074","5335"
"2074","5340"
"2074","5343"
"2074","5344"
"2074","5346"
"2074","5348"
"2074","5349"
"2074","5350"
"2075","5361"
"2075","5366"
"2075","5368"
"2075","5370"
"2076","5250"
"2076","5251"
"2076","5252"
"2076","5253"
"2077","5463"
"2077","5466"
"2077","5467"
"2077","5468"
"2078","5397"
"2078","5398"
"2078","5402"
"2078","5403"
"2079","5284"
"2079","5285"
"2079","5287"
"2080","5248"
"2080","5249"
"2081","5191"
"2081","5193"
"2081","5194"
"2081","5195"
"2081","5197"
"2081","5655"
"2081","5656"
"2081","5657"
"2082","5210"
"2082","5213"
"2082","5214"
"2082","5216"
"2082","5218"
"2082","5219"
"2082","5679"
"2082","5680"
"2082","5686"
"2083","5375"
"2083","5377"
"2083","5379"
"2083","5380"
"2083","5381"
"2084","5382"
"2084","5384"
"2084","5385"
"2084","5386"
"2084","5388"
"2087","5444"
"2087","5446"
"2087","5449"
"2087","5450"
"2087","5452"
"2088","5404"
"2088","5406"
"2088","5408"
"2088","5409"
"2088","5411"
"2089","5414"
"2089","5417"
"2089","5419"
"2089","5421"
"2090","5306"
"2090","5307"
"2090","5308"
"2090","5309"
"2090","5310"
"2090","5311"
"2090","5312"
"2090","5313"
"2091","5433"
"2091","5434"
"2091","5435"
"2091","5438"
"2091","5440"
"2091","5442"
"2091","5443"
"2092","5778"
"2092","5785"
"2093","5431"
"2093","5432"
"2094","5471"
"2094","5472"
"2094","5473"
"2094","5474"
"2094","5475"
"2095","5236"
"2095","5239"
"2095","5240"
"2095","5693"
"2096","5220"
"2096","5222"
"2097","5201"
"2097","5202"
"2097","5203"
"2097","5205"
"2097","5206"
"2097","5208"
"2097","5658"
"2097","5659"
"2097","5661"
"2097","5665"
"2097","5668"
"2098","5454"
"2098","5456"
"2098","5458"
"2098","5460"
"2098","5462"
"2099","5241"
"2099","5242"
"2099","5243"
"2099","5244"
"2099","5245"
"2099","5246"
"2099","5247"
"2100","5171"
"2100","5172"
"2100","5174"
"2100","5175"
"2100","5177"
"2100","5635"
"2100","5640"
"2100","5643"
"2101","5183"
"2101","5185"
"2101","5188"
"2101","5189"
"2101","5190"
"2101","5647"
"2104","5283"
"2105","5279"
"2105","5280"
"2105","5281"
"2105","5282"
"2108","5761"
"2108","5763"
"2108","5770"
"2108","5773"
"2109","5787"
"2110","5756"
"2110","5758"
"2110","5759"
"2110","5760"
"2111","5255"
"2111","5257"
"2111","5258"
"2111","5260"
"2111","5261"
"2111","5262"
"2111","5264"
"2111","5265"
"2111","5266"
"2111","5268"
"2111","5270"
"2111","5271"
"2112","5469"
"2113","5470"
"2114","5478"
"2114","5480"
"2114","5481"
"2114","5483"
"2115","5354"
"2115","5356"
"2115","5357"
"2117","5781"
"2118","5423"
"2118","5425"
"2119","5427"
"2119","5428"
"2120","5351"
"2120","5352"
"2120","5353"
"2121","5390"
"2121","5392"
"2121","5395"
"2122","5315"
"2122","5317"
"2122","5319"
"2122","5321"
"2122","5322"
"2122","5324"
"2122","5325"
"2122","5327"
"2122","5329"
"2122","5332"
"2123","5225"
"2123","5228"
"2123","5230"
"2123","5231"
"2123","5232"
"2123","5233"
"2124","5288"
"2124","5290"
"2124","5291"
"2124","5292"
"2124","5293"
"2124","5294"
"2124","5295"
"2125","4570"
"2125","4571"
"2125","4574"
"2125","4577"
"2126","4578"
"2126","4579"
"2126","4581"
"2126","4583"
"2126","4584"
"2128","4611"
"2130","4616"
"2130","4617"
"2131","4618"
"2132","4630"
"2132","4631"
"2133","4633"
"2133","4634"
"2134","4635"
"2134","4636"
"2135","4649"
"2137","4656"
"2137","4657"
"2137","4659"
"2137","4660"
"2139","4650"
"2139","4651"
"2139","4652"
"2139","4654"
"2139","4655"
"2141","5141"
"2141","5142"
"2141","5144"
"2141","5146"
"2141","5151"
"2142","5173"
"2142","5176"
"2142","5178"
"2142","5179"
"2142","5180"
"2142","5181"
"2142","5182"
"2142","5184"
"2142","5186"
"2142","5187"
"2143","5192"
"2143","5196"
"2143","5198"
"2143","5199"
"2143","5200"
"2144","5204"
"2144","5207"
"2144","5209"
"2144","5211"
"2144","5212"
"2144","5215"
"2144","5217"
"2144","5223"
"2145","5221"
"2145","5224"
"2145","5226"
"2145","5227"
"2145","5229"
"2149","5143"
"2149","5145"
"2150","5155"
"2150","5157"
"2150","5159"
"2150","5161"
"2150","5162"
"2150","5163"
"2150","5165"
"2150","5167"
"2151","5147"
"2152","5148"
"2152","5149"
"2152","5150"
"2153","5372"
"2153","5373"
"2153","5374"
"2153","5376"
"2153","5378"
"2154","5383"
"2154","5387"
"2154","5389"
"2155","5391"
"2155","5393"
"2155","5394"
"2155","5396"
"2156","5399"
"2156","5400"
"2156","5401"
"2156","5405"
"2156","5407"
"2157","5410"
"2157","5412"
"2157","5413"
"2158","5415"
"2158","5416"
"2158","5418"
"2158","5420"
"2158","5422"
"2158","5424"
"2159","5426"
"2159","5429"
"2159","5430"
"2161","5800"
"2161","5801"
"2163","5802"
"2163","5803"
"2163","5816"
"2163","5818"
"2163","5819"
"2163","5821"
"2163","5823"
"2163","5824"
"2163","5827"
"2164","5828"
"2164","5830"
"2164","5832"
"2164","5833"
"2164","5837"
"2164","5839"
"2164","5840"
"2164","5843"
"2164","5844"
"2165","5845"
"2166","5846"
"2166","5847"
"2166","5849"
"2166","5850"
"2167","5852"
"2167","5853"
"2167","5854"
"2167","5855"
"2167","5856"
"2167","5858"
"2167","5859"
"2168","5867"
"2168","5868"
"2168","5869"
"2168","5870"
"2168","5871"
"2168","5872"
