Ten_lop,ID_lop,ID_khoa
,0,0
0,1,0
00,2,0
000,3,0
001011,4,0
001011A,5,0
001011C,6,0
001012,7,0
001013,8,0
001014,9,0
001015,10,0
001016,11,0
001017,12,0
001021,13,0
001022,14,0
001023,15,0
001024,16,0
001025,17,0
001031,18,0
001031A,19,0
001032,20,0
001034,21,0
001041,22,0
0010410,23,0
001042,24,0
001043,25,0
001044,26,0
001051,27,0
001051B,28,0
001054,29,0
001061,30,0
001062,31,0
001071,32,0
001071A,33,0
001072,34,0
001081,35,0
001082,36,0
001083,37,0
00108B,38,0
001091,39,0
001092,40,0
001093,41,0
001211,42,0
002011,43,0
00202,44,0
002021,45,0
002031,46,0
00203TP,47,0
002051,48,0
00211,49,0
00401VL,50,0
00402LB,51,0
00402TV,52,0
00404SO,53,0
00404TV,54,0
0040IVL,55,0
005011,56,0
007011,57,0
007021,58,0
007021A,59,0
007022,60,0
007031,61,0
007032,62,0
007033352,63,0
007051,64,0
007052,65,0
007091,66,0
007101,67,0
007102,68,0
01052E,69,0
010720A,70,0
011011,71,0
011012,72,0
011012C,73,0
011021,74,0
011021C,75,0
011022,76,0
011031,77,0
011032,78,0
011040,79,0
011041D,80,0
011051,81,0
011051A,82,0
011052,83,0
011061,84,0
011071,85,0
011081,86,0
011101,87,0
011111,88,0
011121,89,0
011121B,90,0
011131,91,0
011210,92,0
011211,93,0
011221,94,0
012011,95,0
012021,96,0
012031,97,0
012051,98,0
012091,99,0
013011,100,0
013021,101,0
013031,102,0
014010A,103,0
01401CA,104,0
01402PY,105,0
01402TV,106,0
01404CA,107,0
01404TV,108,0
017021,109,0
017031,110,0
017051,111,0
017091,112,0
017101,113,0
018101,114,0
01D01A1,115,0
01D03A1,116,0
01F02DVH,117,0
02018C,118,0
021011A,119,0
021011B,120,0
021011C,121,0
021012A,122,0
021012B,123,0
021012C,124,0
021021A,125,0
021021B,126,0
021021C,127,0
021022A,128,0
021022B,129,0
021022C,130,0
021031,131,0
021031A,132,0
021031B,133,0
021031C,134,0
021032A,135,0
021032B,136,0
021032C,137,0
02104A,138,0
02104B,139,0
02104C,140,0
021051A,141,0
021051B,142,0
021051C,143,0
021052A,144,0
021052B,145,0
021052C,146,0
02106A,147,0
02106B,148,0
02107,149,0
02107A,150,0
02107B,151,0
021080,152,0
02108A,153,0
02108B,154,0
02108C,155,0
02109E,156,0
02110,157,0
021102,158,0
02110A,159,0
02111,160,0
021114,161,0
02111A,162,0
02111B,163,0
02112A,164,0
02112B,165,0
02113,166,0
02113A,167,0
02113B,168,0
02114A,169,0
02114B,170,0
02121A,171,0
02121B,172,0
02122,173,0
02123A,174,0
02123B,175,0
02201TP,176,0
022021,177,0
02202TP,178,0
02203TP,179,0
02205TP,180,0
023011,181,0
023021,182,0
023031,183,0
023091,184,0
02401CT,185,0
02401CVL,186,0
02402PY,187,0
02402SO,188,0
02404PY,189,0
02502DN,190,0
02503DN,191,0
02701A,192,0
02701B,193,0
02701C,194,0
02702A,195,0
02703A,196,0
02703B,197,0
02705A,198,0
02709A,199,0
02709B,200,0
02710A,201,0
02710B,202,0
02D02VD,203,0
02D02VĐ,204,0
02D03VD,205,0
02F01VH,206,0
02F05VH,207,0
031011A,208,0
031011B,209,0
031011C,210,0
031012A,211,0
031012B,212,0
031012C,213,0
031012D,214,0
031021A,215,0
031021B,216,0
031021C,217,0
031022A,218,0
031022B,219,0
031022C,220,0
031031A,221,0
031031B,222,0
031031C,223,0
031032A,224,0
031032B,225,0
031032C,226,0
031041A,227,0
031041B,228,0
031041C,229,0
031041D,230,0
03104DN,231,0
03104HU,232,0
031051A,233,0
031051B,234,0
031051C,235,0
031052A,236,0
031052B,237,0
031052C,238,0
031061A,239,0
031061B,240,0
031071A,241,0
031071B,242,0
031081A,243,0
031081B,244,0
031081C,245,0
031091B,246,0
031091C,247,0
031091D ,248,0
031101,249,0
031102,250,0
031111A ,251,0
031111B,252,0
031121A,253,0
031121B,254,0
031131A ,255,0
031131B,256,0
031141A,257,0
031141B,258,0
031141C,259,0
031211A,260,0
031211D,261,0
031231A ,262,0
031231B ,263,0
032011  ,264,0
032021,265,0
032031  ,266,0
032051  ,267,0
032091  ,268,0
033011,269,0
033021,270,0
033031,271,0
033091,272,0
03401CT,273,0
03401DA,274,0
03402QN,275,0
03402SO,276,0
03404PY,277,0
03405DA,278,0
03409DA,279,0
03503DN,280,0
037011A,281,0
037011B,282,0
037021A ,283,0
037021B,284,0
037031A,285,0
037031B,286,0
037051A ,287,0
037051B,288,0
037091A,289,0
037091B,290,0
037101A,291,0
037101B ,292,0
03D02VDA,293,0
03D02VDB,294,0
03D03,295,0
03D03VDA,296,0
03D03VĐA,297,0
03F02VH,298,0
03F03VH,299,0
03F05VH,300,0
03F09VH,301,0
041011A,302,0
041011B,303,0
041011C,304,0
041012A,305,0
041012B,306,0
041012C,307,0
041021A,308,0
041021B,309,0
041021C,310,0
041022A,311,0
041022B,312,0
041022C,313,0
041031A,314,0
041031B,315,0
041031C,316,0
041032A,317,0
041032B,318,0
041032C,319,0
041040A,320,0
041040B,321,0
041040C,322,0
041040D,323,0
04104BD,324,0
04104C,325,0
04104CTU,326,0
04104DN,327,0
04104LD,328,0
041051A,329,0
041051B,330,0
041051C,331,0
041052A,332,0
041052B,333,0
041052C,334,0
041060A,335,0
041060B,336,0
041060C,337,0
041070A,338,0
041070B,339,0
041070C,340,0
041080A,341,0
041080B,342,0
041080C,343,0
041080D,344,0
041090A,345,0
041090B,346,0
041090C,347,0
041090D,348,0
041101,349,0
041102,350,0
041110A,351,0
041110B,352,0
041110C,353,0
041120A,354,0
041120B,355,0
041120C,356,0
041130A,357,0
041130B,358,0
041140A,359,0
041140B,360,0
041140C,361,0
041150A,362,0
041150B,363,0
041160A,364,0
041160B,365,0
041210A,366,0
041210B,367,0
04121LD,368,0
041230A,369,0
041230B,370,0
042010A,371,0
042010B,372,0
042020A,373,0
042020B,374,0
042030A,375,0
042030B,376,0
042050A,377,0
042050B,378,0
042090A,379,0
042090B,380,0
043010B,381,0
043020A,382,0
043020B,383,0
043020C,384,0
043030A,385,0
043030B,386,0
04401CT,387,0
04401DA,388,0
04401VL,389,0
04402DN,390,0
04403DN,391,0
04410VL,392,0
04502CT,393,0
04502DN,394,0
04502KG,395,0
04502PY,396,0
04502VT,397,0
04503DN,398,0
04602VI,399,0
04603VI,400,0
04605VI,401,0
047020A,402,0
047020B,403,0
047020C,404,0
047030A,405,0
047030B,406,0
047030C,407,0
047050A,408,0
047050B,409,0
047050C,410,0
047090A,411,0
047090B,412,0
047090C,413,0
04D02VDA,414,0
04D03VDA,415,0
051011A,416,0
051011B,417,0
051011C,418,0
051012A,419,0
051012B,420,0
051012C,421,0
05101VT,422,0
051021A,423,0
051021B,424,0
051021C,425,0
051022A,426,0
051022B,427,0
051022C,428,0
051031A,429,0
051031B,430,0
051031C,431,0
051032A,432,0
051032B,433,0
051032C,434,0
051041A,435,0
051041B,436,0
051042A,437,0
051042B,438,0
05104BD,439,0
05104CTU,440,0
05104LD,441,0
05104VT,442,0
051051A,443,0
051051B,444,0
051051C,445,0
051052A,446,0
051052B,447,0
051052C,448,0
051060A,449,0
051060B,450,0
051060C,451,0
05106C,452,0
051070A,453,0
051070B,454,0
051070C,455,0
051081A,456,0
051081B,457,0
051082A,458,0
051082B,459,0
051091A,460,0
051091B,461,0
051092B,462,0
051101A,463,0
051101B,464,0
051101C,465,0
051102A,466,0
051102B,467,0
051102C,468,0
0511101B,469,0
051111A,470,0
051111B,471,0
051111C,472,0
051112A,473,0
051112B,474,0
051112C,475,0
051120A,476,0
051120B,477,0
051120C,478,0
051130A,479,0
051130B,480,0
051130C,481,0
051140A,482,0
051140B,483,0
051140C,484,0
051150A,485,0
051150B,486,0
051150C,487,0
051160A,488,0
051160B,489,0
051160C,490,0
051171A,491,0
051171B,492,0
051171C,493,0
051172A,494,0
051172B,495,0
051172C,496,0
051181A,497,0
051181B,498,0
051181C,499,0
051182A,500,0
051182B,501,0
051182C,502,0
051210A,503,0
051210B,504,0
051210C,505,0
05121LD,506,0
051230A,507,0
051230B,508,0
051230C,509,0
052010A,510,0
052010B,511,0
052020A,512,0
052020B,513,0
052030A,514,0
052030B,515,0
052050A,516,0
052050B,517,0
052090A,518,0
052090B,519,0
053010A,520,0
053010B,521,0
053020A,522,0
053020B,523,0
053050A,524,0
053090B,525,0
055010A,526,0
055010B,527,0
05502,528,0
055020A,529,0
055020B,530,0
055020C,531,0
055020D,532,0
055020E,533,0
05502SP,534,0
05502ĐN,535,0
055030A,536,0
055030B,537,0
055030C,538,0
055030D,539,0
055030E,540,0
055030F,541,0
05503SP,542,0
055050A,543,0
055050B,544,0
055050C,545,0
057010A,546,0
057010B,547,0
05701C,548,0
057020A,549,0
057020B,550,0
057030A,551,0
057030B,552,0
057050A,553,0
057050B,554,0
057090A,555,0
057090B,556,0
05D02VDA,557,0
05D02VDB,558,0
05D03VDA,559,0
05D03VDB,560,0
05D09,561,0
05HW,562,0
061011A,563,0
061011B,564,0
061011C,565,0
061012A,566,0
061012B,567,0
061012C,568,0
06101LD,569,0
061021A,570,0
061021B,571,0
061021C,572,0
061022A,573,0
061022B,574,0
061022C,575,0
06102BD,576,0
06102CLC,577,0
06102CTU,578,0
06102VT,579,0
061031A,580,0
061031B,581,0
061031C,582,0
061032A,583,0
061032B,584,0
061032C,585,0
061041A,586,0
061041B,587,0
061042A,588,0
061042B,589,0
06104LD,590,0
061051A,591,0
061051B,592,0
061051C,593,0
061052A,594,0
061052B,595,0
061052C,596,0
061060A,597,0
061060B,598,0
061060C,599,0
061070A,600,0
061070B,601,0
061070C,602,0
061081A,603,0
061081B,604,0
061082A,605,0
061082B,606,0
061091A,607,0
061091B,608,0
061092A,609,0
061092B,610,0
061101A,611,0
061101B,612,0
061101C,613,0
061102A,614,0
061102B,615,0
061102C,616,0
06110CL,617,0
06110CLC,618,0
061111A,619,0
061111B,620,0
061112A,621,0
061112B,622,0
061120A,623,0
061120B,624,0
061120C,625,0
06112CLC,626,0
061130A,627,0
061130B,628,0
061130C,629,0
061141A,630,0
061141B,631,0
061142A,632,0
061142B,633,0
061150A,634,0
061150B,635,0
061150C,636,0
061160A,637,0
061160B,638,0
061170A,639,0
061170B,640,0
061170C,641,0
061180A,642,0
061180B,643,0
061180C,644,0
061190A,645,0
061190B,646,0
061190C,647,0
061201A,648,0
061201B,649,0
061202A,650,0
061202B,651,0
061210A,652,0
061210B,653,0
061230A,654,0
061230B,655,0
061241A,656,0
061241B,657,0
061242A,658,0
061242B,659,0
062010A,660,0
062010B,661,0
062020A,662,0
062020B,663,0
062030A,664,0
062030B,665,0
062050A,666,0
062050B,667,0
062090A,668,0
062090B,669,0
062130A,670,0
062130B,671,0
063010A,672,0
063010B,673,0
063020A,674,0
063020B,675,0
063050A,676,0
063090A,677,0
06402ĐN,678,0
06408SP,679,0
06501SP,680,0
06502DN,681,0
06502SP,682,0
06503SP,683,0
06505SP,684,0
067010A,685,0
067010B,686,0
067010C,687,0
067011A,688,0
067020A,689,0
067020B,690,0
067030A,691,0
067030B,692,0
067030D,693,0
067030E,694,0
067031A,695,0
067050A,696,0
067050B,697,0
067050D,698,0
06705B,699,0
067090A,700,0
067090B,701,0
06D02VDA,702,0
06D02VDB,703,0
06D03VDA,704,0
06D03VDB,705,0
071011A,706,0
071011B,707,0
071011C,708,0
071012A,709,0
071012B,710,0
071012C,711,0
07101BD,712,0
07101LD,713,0
071021A,714,0
071021B,715,0
071021C,716,0
071022A,717,0
071022B,718,0
071022C,719,0
07102CLC,720,0
07102LD,721,0
071031A,722,0
071031B,723,0
071031C,724,0
071032A,725,0
071032B,726,0
071032C,727,0
071041A,728,0
071041B,729,0
071042A,730,0
071042B,731,0
07104CTU,732,0
07104VT,733,0
071051A,734,0
071051B,735,0
071051C,736,0
071052A,737,0
071052B,738,0
071052C,739,0
07105CLC,740,0
071060A,741,0
071060B,742,0
071060C,743,0
071070A,744,0
071070B,745,0
071070C,746,0
071080A,747,0
071081A,748,0
071081B,749,0
071082A,750,0
071082B,751,0
071091A,752,0
071092A,753,0
071092B,754,0
071101A,755,0
071101B,756,0
071101C,757,0
071102A,758,0
071102B,759,0
071102C,760,0
07110CLC,761,0
071111A,762,0
071111B,763,0
071112A,764,0
071112B,765,0
07111CLC,766,0
071121A,767,0
071121B,768,0
071122A,769,0
071122B,770,0
07112CLC,771,0
071130A,772,0
071130B,773,0
071130C,774,0
071141A,775,0
071141B,776,0
071142A,777,0
071142B,778,0
071150A,779,0
071150B,780,0
071150C,781,0
071160A,782,0
071160B,783,0
071160C,784,0
071170A,785,0
071170B,786,0
071170C,787,0
07117BD,788,0
071180A,789,0
071180B,790,0
071180C,791,0
071190A,792,0
071190B,793,0
071190C,794,0
071201A,795,0
071201B,796,0
071202A,797,0
071202B,798,0
071210A,799,0
071210B,800,0
071210C,801,0
071230A,802,0
071230B,803,0
071230C,804,0
071241A,805,0
071241B,806,0
071241C,807,0
071242A,808,0
071242B,809,0
071242C,810,0
071251A,811,0
071251B,812,0
071252A,813,0
071252B,814,0
072010A,815,0
072010B,816,0
072020A,817,0
072020B,818,0
072030A,819,0
072030B,820,0
072050A,821,0
072050B,822,0
072090A,823,0
072090B,824,0
072130A,825,0
072130B,826,0
073010A,827,0
073010B,828,0
073020A,829,0
073020B,830,0
073030A,831,0
073030B,832,0
073050B,833,0
07401CT,834,0
07502PLA,835,0
07503DN,836,0
07503SP,837,0
077010A,838,0
077010B,839,0
077010C,840,0
077010E,841,0
077020A,842,0
077020B,843,0
077020C,844,0
077030A,845,0
077030B,846,0
077030C,847,0
077030D,848,0
077050A,849,0
077050B,850,0
077050C,851,0
077090A,852,0
077090B,853,0
077090C,854,0
07BM,855,0
07D02VDA,856,0
07D02VDB,857,0
07D02VDC,858,0
07D02VDD,859,0
07D03VDA,860,0
07D03VDB,861,0
07D03VDC,862,0
07D03VDD,863,0
081011A,864,0
081011B,865,0
081011C,866,0
081011D,867,0
081012A,868,0
081012B,869,0
081012C,870,0
081012D,871,0
08101CLC,872,0
08102,873,0
081021A,874,0
081021B,875,0
081021C,876,0
081021D,877,0
081022A,878,0
081022B,879,0
081022C,880,0
08102CL1,881,0
08102CL2,882,0
08102CLC,883,0
08102CTU,884,0
081031A,885,0
081031B,886,0
081031C,887,0
081032A,888,0
081032B,889,0
081032C,890,0
081041A,891,0
081041B,892,0
081042A,893,0
081051A,894,0
081051B,895,0
081051C,896,0
081051D,897,0
081052A,898,0
081052B,899,0
081052C,900,0
08105CLC,901,0
081060A,902,0
081060B,903,0
08107,904,0
081070A,905,0
081070B,906,0
081081A,907,0
081081B,908,0
081091A,909,0
081091B,910,0
081092A,911,0
081101A,912,0
081101B,913,0
081101C,914,0
081102A,915,0
081102B,916,0
081102C,917,0
08110CL1,918,0
08110CL2,919,0
08110CLC,920,0
081111A,921,0
081111B,922,0
081111C,923,0
081112A,924,0
081112B,925,0
08111CLC,926,0
081121A,927,0
081121B,928,0
081121C,929,0
081122A,930,0
081122B,931,0
08112CLC,932,0
081130A,933,0
081130B,934,0
081130C,935,0
081141A,936,0
081141B,937,0
081142A,938,0
081142B,939,0
081150A,940,0
081150B,941,0
081160A,942,0
081160B,943,0
081160C,944,0
081170A,945,0
081170B,946,0
081170C,947,0
081180A,948,0
081180B,949,0
081180C,950,0
081190A,951,0
081190B,952,0
081190C,953,0
081201A,954,0
081201B,955,0
081202A,956,0
081202B,957,0
081210A,958,0
081230A,959,0
081230B,960,0
081230C,961,0
081241A,962,0
081241B,963,0
081241C,964,0
081242A,965,0
081242B,966,0
081242C,967,0
081251A,968,0
081251B,969,0
081252A,970,0
081252B,971,0
082010A,972,0
082010B,973,0
082020A,974,0
082020B,975,0
082030A,976,0
082050A,977,0
082050B,978,0
082090A,979,0
082090B,980,0
082130A,981,0
082130B,982,0
083010A,983,0
083010B,984,0
083020A,985,0
083020B,986,0
083030A,987,0
083030B,988,0
083050A,989,0
083050B,990,0
08502SP,991,0
08503DN,992,0
08503SP,993,0
08505SP,994,0
087010A,995,0
087010B,996,0
087010C,997,0
087011A,998,0
087020A,999,0
087020B,1000,0
087020C,1001,0
087030A,1002,0
087030B,1003,0
087030C,1004,0
087031A,1005,0
087031C,1006,0
08703A,1007,0
08703B1,1008,0
087050A,1009,0
087050B,1010,0
087050C,1011,0
087090A,1012,0
087090B,1013,0
087090C,1014,0
08902LD1,1015,0
08902LD2,1016,0
08902LĐ2,1017,0
089030A,1018,0
08917LD1,1019,0
08917LD2,1020,0
08917LD3,1021,0
08BM,1022,0
08D02VDA,1023,0
08D02VDB,1024,0
08D02VDC,1025,0
08D02VDD,1026,0
08D02VDE,1027,0
08D03VDA,1028,0
08D03VDB,1029,0
08D03VDC,1030,0
08D03VDD,1031,0
08D03VDE,1032,0
08ED,1033,0
08FB,1034,0
091011A,1035,0
091011B,1036,0
091011C,1037,0
091012A,1038,0
091012B,1039,0
091012C,1040,0
09101CL1,1041,0
09101CL2,1042,0
091021A,1043,0
091021B,1044,0
091021C,1045,0
091022A,1046,0
091022B,1047,0
091022C,1048,0
09102CL1,1049,0
09102CL2,1050,0
091031A,1051,0
091031B,1052,0
091031C,1053,0
091032A,1054,0
091032B,1055,0
091032C,1056,0
09103CLC,1057,0
091041A,1058,0
091041B,1059,0
091042A,1060,0
091042B,1061,0
091051A,1062,0
091051B,1063,0
091051C,1064,0
091052A,1065,0
091052B,1066,0
091052C,1067,0
09105CL1,1068,0
09105CL2,1069,0
091060A,1070,0
091060B,1071,0
091070A,1072,0
091070B,1073,0
091080A,1074,0
091080B,1075,0
091080C,1076,0
09108CLC,1077,0
091090A,1078,0
091090B,1079,0
091090C,1080,0
091101A,1081,0
091101B,1082,0
091101C,1083,0
091102A,1084,0
091102B,1085,0
091102C,1086,0
09110CLC,1087,0
091111A,1088,0
091111B,1089,0
091112A,1090,0
091112B,1091,0
09111CLC,1092,0
091121A,1093,0
091121B,1094,0
091122A,1095,0
091122B,1096,0
09112CL1,1097,0
09112CL2,1098,0
09112CL3,1099,0
091130A,1100,0
091130B,1101,0
091130C,1102,0
091140A,1103,0
091140B,1104,0
091140C,1105,0
091140D,1106,0
09114CL1,1107,0
09114CL2,1108,0
091150A,1109,0
091150B,1110,0
091150C,1111,0
091160A,1112,0
091160B,1113,0
091160C,1114,0
091170A,1115,0
091170B,1116,0
091170C,1117,0
091180A,1118,0
091180B,1119,0
091180C,1120,0
09118CL2,1121,0
09118CLC,1122,0
09119 CLC,1123,0
091190A,1124,0
091190B,1125,0
091190C,1126,0
09119CLC,1127,0
091201A,1128,0
091201B,1129,0
091202A,1130,0
091202B,1131,0
091210A,1132,0
091210B,1133,0
091230A,1134,0
091230B,1135,0
091230C,1136,0
091241A,1137,0
091241B,1138,0
091241C,1139,0
091242A,1140,0
091242B,1141,0
091242C,1142,0
09124CLC,1143,0
091251A,1144,0
091251B,1145,0
091252A,1146,0
091252B,1147,0
0914LD,1148,0
092010A,1149,0
092010B,1150,0
092020A,1151,0
092020B,1152,0
092030A,1153,0
092030B,1154,0
092050A,1155,0
092050B,1156,0
092130A,1157,0
092130B,1158,0
093010A,1159,0
093010B,1160,0
093020A,1161,0
093020B,1162,0
093050A,1163,0
093090A,1164,0
093090B,1165,0
09502SP2,1166,0
09502ĐN,1167,0
09503P2,1168,0
09503SP2,1169,0
097010A,1170,0
097010B,1171,0
097010C,1172,0
09702,1173,0
097020A,1174,0
097020B,1175,0
097020C,1176,0
09702A,1177,0
097030A,1178,0
097030B,1179,0
097030C,1180,0
097050A,1181,0
097050B,1182,0
097050C,1183,0
097090A,1184,0
097090B,1185,0
097090C,1186,0
099010A,1187,0
099011A,1188,0
099011B,1189,0
099020A,1190,0
09902CTU,1191,0
099030A,1192,0
099030B,1193,0
099040A,1194,0
099050A,1195,0
099050B,1196,0
099100A,1197,0
099100B,1198,0
099110A,1199,0
099110B,1200,0
099130A,1201,0
09914LD,1202,0
09917LD1,1203,0
09917LD2,1204,0
09BM,1205,0
09BM1,1206,0
09D02VDA,1207,0
09D02VDB,1208,0
09D02VDC,1209,0
09D02VDD,1210,0
09D03VDA,1211,0
09D03VDB,1212,0
09D03VDC,1213,0
09D03VDD,1214,0
09ED,1215,0
09FB,1216,0
09GF,1217,0
09KM,1218,0
09Đ01,1219,0
09Đ02,1220,0
09Đ03,1221,0
09Đ05,1222,0
09Đ09,1223,0
09Đ13,1224,0
10101CLC,1225,0
101101A,1226,0
10110CL1,1227,0
10110CLC,1228,0
10111CLC,1229,0
10112CLC,1230,0
101130A,1231,0
101130C,1232,0
101201A,1233,0
101241A,1234,0
102010A,1235,0
10403DVT2,1236,0
107010A,1237,0
107010B,1238,0
107011A,1239,0
10701A,1240,0
107020A,1241,0
107020B,1242,0
107030A,1243,0
107031A,1244,0
107050,1245,0
107050A,1246,0
109030A,1247,0
109100B,1248,0
10910LD,1249,0
10ABC,1250,0
10BM,1251,0
10D02VDA,1252,0
10D03A0,1253,0
10ED,1254,0
10FB,1255,0
10GF,1256,0
10TX,1257,0
111041A,1258,0
111041B,1259,0
111042A,1260,0
111042B,1261,0
111091B,1262,0
111092A,1263,0
111092B,1264,0
111101A,1265,0
111101B,1266,0
111101C,1267,0
111102A,1268,0
111102B,1269,0
111102C,1270,0
11110CLC,1271,0
111160A,1272,0
111160B,1273,0
111160C,1274,0
111191A,1275,0
111191B,1276,0
111192A,1277,0
111192B,1278,0
11119CLC,1279,0
11123,1280,0
111230A,1281,0
111230B,1282,0
111241A,1283,0
111241B,1284,0
111242A,1285,0
111242B,1286,0
11124CLC,1287,0
111252A,1288,0
111252B,1289,0
11125CLC,1290,0
111411A,1291,0
111411B,1292,0
111411C,1293,0
111412A,1294,0
111412B,1295,0
111412C,1296,0
111413A,1297,0
111413B,1298,0
111413C,1299,0
111414A,1300,0
111414B,1301,0
11141CL1,1302,0
11141CL2,1303,0
111421A,1304,0
111421B,1305,0
111421C,1306,0
111422A,1307,0
111422B,1308,0
111422C,1309,0
11142CLC,1310,0
111431A,1311,0
111431B,1312,0
111431C,1313,0
111431D,1314,0
111432A,1315,0
111432B,1316,0
111432C,1317,0
111433A,1318,0
111433B,1319,0
11143CL1,1320,0
11143CL2,1321,0
111441A,1322,0
111441B,1323,0
111441C,1324,0
111442A,1325,0
111442B,1326,0
11144CL1,1327,0
11144CL2,1328,0
111451A,1329,0
111451B,1330,0
111451C,1331,0
111451D,1332,0
111452A,1333,0
111452B,1334,0
111452C,1335,0
11145CLC,1336,0
111461A,1337,0
111461B,1338,0
111461C,1339,0
111462A,1340,0
111462B,1341,0
111463A,1342,0
111463B,1343,0
11146CLC,1344,0
111470A,1345,0
111470B,1346,0
111470C,1347,0
11147CLC,1348,0
111481A,1349,0
111481B,1350,0
111482A,1351,0
111482B,1352,0
11148CLC,1353,0
111491A,1354,0
111491B,1355,0
111491C,1356,0
111491D,1357,0
111492A,1358,0
111492B,1359,0
111492C,1360,0
11149CLC,1361,0
1114CL1,1362,0
111500A,1363,0
111500C,1364,0
11150CLC,1365,0
111511A,1366,0
111511B,1367,0
111512A,1368,0
111512B,1369,0
11151CL1,1370,0
11151CL2,1371,0
111520B,1372,0
112090A,1373,0
112410A,1374,0
112420A,1375,0
112420B,1376,0
112430A,1377,0
112430B,1378,0
112450A,1379,0
112450B,1380,0
112470A,1381,0
113410A,1382,0
113410B,1383,0
113420A,1384,0
113420B,1385,0
113430A,1386,0
113450B,1387,0
114720C,1388,0
117090A,1389,0
117090B,1390,0
117090C,1391,0
117410A,1392,0
117410B,1393,0
117410C,1394,0
117420A,1395,0
117420B,1396,0
117420C,1397,0
11742A,1398,0
117430A,1399,0
117430B,1400,0
117430C,1401,0
11743A,1402,0
117450A,1403,0
117450B,1404,0
117450C,1405,0
119040A,1406,0
119040B,1407,0
11904CTU,1408,0
119100A,1409,0
119100B,1410,0
119110A,1411,0
119110B,1412,0
119410A,1413,0
119410B,1414,0
119420A,1415,0
119420B,1416,0
119430A,1417,0
119430B,1418,0
119450A,1419,0
119470A,1420,0
119490A,1421,0
119490B,1422,0
119501A,1423,0
119501B,1424,0
119502A,1425,0
119502B,1426,0
11CKM,1427,0
11D02VDA,1428,0
11D02VDB,1429,0
11D02VDC,1430,0
11D03VDA,1431,0
11D03VDB,1432,0
11D03VDC,1433,0
11DKC,1434,0
11KDD,1435,0
11KĐĐ,1436,0
11MCN,1437,0
11ĐKC,1438,0
1200016,1439,0
121040A,1440,0
121040B,1441,0
121041A,1442,0
121041B,1443,0
121041C,1444,0
121042A,1445,0
121042B,1446,0
121042C,1447,0
121091A,1448,0
121091B,1449,0
121092A,1450,0
121092B,1451,0
121101A,1452,0
121101B,1453,0
121101C,1454,0
121102A,1455,0
121102B,1456,0
121102C,1457,0
121103A,1458,0
121103B,1459,0
121103C,1460,0
12110CLC,1461,0
121161A,1462,0
121161B,1463,0
121162A,1464,0
121162B,1465,0
121190A,1466,0
121190B,1467,0
12119CL1,1468,0
12119CL2,1469,0
12119CLC,1470,0
121230A,1471,0
121230B,1472,0
121241A,1473,0
121241B,1474,0
121241C,1475,0
121242A,1476,0
121242B,1477,0
12124CLC,1478,0
121251A,1479,0
121251B,1480,0
121252A,1481,0
121252B,1482,0
12125CLC,1483,0
121411A,1484,0
121411B,1485,0
121411C,1486,0
121412A,1487,0
121412B,1488,0
121412C,1489,0
121413A,1490,0
121413B,1491,0
121413C,1492,0
121414A,1493,0
121414B,1494,0
121414C,1495,0
12141CL1,1496,0
12141CL2,1497,0
12141CL3,1498,0
121421A,1499,0
121421B,1500,0
121421C,1501,0
121421D,1502,0
121422A,1503,0
121422B,1504,0
121422C,1505,0
121422D,1506,0
121423A,1507,0
121423B,1508,0
121423C,1509,0
121423D,1510,0
12142CLC,1511,0
121431A,1512,0
121431B,1513,0
121431C,1514,0
121431D,1515,0
121432A,1516,0
121432B,1517,0
121432C,1518,0
121432D,1519,0
121433A,1520,0
121433B,1521,0
121433C,1522,0
121433D,1523,0
12143CL1,1524,0
12143CL2,1525,0
12143CL3,1526,0
121441A,1527,0
121441B,1528,0
121441C,1529,0
121442A,1530,0
121442B,1531,0
12144CLC,1532,0
121451A,1533,0
121451B,1534,0
121451C,1535,0
121451D,1536,0
121452A,1537,0
121452B,1538,0
121452C,1539,0
121453A,1540,0
121453B,1541,0
121453C,1542,0
12145CLC,1543,0
121461A,1544,0
121461B,1545,0
121461C,1546,0
121461D,1547,0
121462A,1548,0
121462B,1549,0
121462C,1550,0
121462D,1551,0
12146CLC,1552,0
121470A,1553,0
121470B,1554,0
121470C,1555,0
121471A,1556,0
121471C,1557,0
121472A,1558,0
121472B,1559,0
12147CLC,1560,0
121480A,1561,0
121480B,1562,0
121481A,1563,0
121481B,1564,0
121482A,1565,0
121482B,1566,0
12148CL1,1567,0
12148CL2,1568,0
121491A,1569,0
121491B,1570,0
121491C,1571,0
121492A,1572,0
121492B,1573,0
121492C,1574,0
121493A,1575,0
121493B,1576,0
12149CLC,1577,0
121500A,1578,0
121500B,1579,0
121500C,1580,0
12150CLC,1581,0
121511A,1582,0
121511B,1583,0
121512A,1584,0
121512B,1585,0
12151CLC,1586,0
121520A,1587,0
121520B,1588,0
123090A,1589,0
123090B,1590,0
123250A,1591,0
123411A,1592,0
123411B,1593,0
123411C,1594,0
123412A,1595,0
123412B,1596,0
123421A,1597,0
123421B,1598,0
123422B,1599,0
123431A,1600,0
123431B,1601,0
123432A,1602,0
123432B,1603,0
123451A,1604,0
123451C,1605,0
123452A,1606,0
123452B,1607,0
127090A,1608,0
127090B,1609,0
127093A,1610,0
127093B,1611,0
127093C,1612,0
127410A,1613,0
127410B,1614,0
127410C,1615,0
127420A,1616,0
127420B,1617,0
127421A,1618,0
127421B,1619,0
127421C,1620,0
127422A,1621,0
127422B,1622,0
127430A,1623,0
127430B,1624,0
127431A,1625,0
127431B,1626,0
127431C,1627,0
127431D,1628,0
127432A,1629,0
127432C,1630,0
127433A,1631,0
127433B,1632,0
127433C,1633,0
127450A,1634,0
127450B,1635,0
127451A,1636,0
127452A,1637,0
127452B,1638,0
12942CTU,1639,0
129501A,1640,0
129501B,1641,0
129502A,1642,0
129502B,1643,0
12CDL,1644,0
12CKD A,1645,0
12CKD B,1646,0
12CKM,1647,0
12DKC,1648,0
12KDD,1649,0
12MCN,1650,0
131040A,1651,0
131040B,1652,0
131040C,1653,0
131091A,1654,0
131091B,1655,0
131091C,1656,0
131092A,1657,0
131092B,1658,0
131101A,1659,0
131101B,1660,0
131101C,1661,0
131102A,1662,0
131102B,1663,0
131102C,1664,0
131103A,1665,0
131103B,1666,0
13110CLC,1667,0
131161A,1668,0
131161B,1669,0
131161C,1670,0
131162A,1671,0
131162B,1672,0
131162C,1673,0
13116CLC,1674,0
131191A,1675,0
131191B,1676,0
13119CL1,1677,0
13119CL2,1678,0
131230A,1679,0
131230B,1680,0
131241A,1681,0
131241B,1682,0
131241C,1683,0
131242A,1684,0
131242B,1685,0
13124CLC,1686,0
131251A,1687,0
131251B,1688,0
131252A,1689,0
131252B,1690,0
13125CLC,1691,0
131411A,1692,0
131411B,1693,0
131411C,1694,0
131411D,1695,0
131412A,1696,0
131412B,1697,0
131412C,1698,0
131412D,1699,0
131413A,1700,0
131413B,1701,0
131413C,1702,0
131413D,1703,0
131414A,1704,0
131414B,1705,0
131414C,1706,0
131414D,1707,0
13141CL1,1708,0
13141CL2,1709,0
13141CL3,1710,0
13141CLC,1711,0
131421A,1712,0
131421B,1713,0
131421C,1714,0
131421D,1715,0
131422A,1716,0
131422B,1717,0
131422C,1718,0
131422D,1719,0
131423A,1720,0
131423B,1721,0
131423C,1722,0
131423D,1723,0
13142CL1,1724,0
13142CL2,1725,0
131431A,1726,0
131431B,1727,0
131431C,1728,0
131431D,1729,0
131432A,1730,0
131432B,1731,0
131432C,1732,0
131432D,1733,0
131433A,1734,0
131433B,1735,0
131433C,1736,0
131433D,1737,0
131434A,1738,0
131434B,1739,0
131434C,1740,0
13143CL1,1741,0
13143CL2,1742,0
13143CL3,1743,0
13143CL4,1744,0
131441A,1745,0
131441B,1746,0
131441C,1747,0
131442A,1748,0
131442B,1749,0
131442C,1750,0
13144CLC,1751,0
131451A,1752,0
131451B,1753,0
131451C,1754,0
131452A,1755,0
131452B,1756,0
131452C,1757,0
131453A,1758,0
131453B,1759,0
131453C,1760,0
131454A,1761,0
131454B,1762,0
131454C,1763,0
13145CL1,1764,0
13145CL2,1765,0
131461A,1766,0
131461B,1767,0
131461C,1768,0
131461D,1769,0
131462A,1770,0
131462B,1771,0
131462C,1772,0
131463A,1773,0
131463B,1774,0
131463C,1775,0
13146CLC,1776,0
131470A,1777,0
131470B,1778,0
131470C,1779,0
13147CL1,1780,0
13147CL2,1781,0
13147CLC,1782,0
131480A,1783,0
131480B,1784,0
131480C,1785,0
131483A,1786,0
13148CLC,1787,0
131491A,1788,0
131491B,1789,0
131491C,1790,0
131492A,1791,0
131492B,1792,0
131492C,1793,0
131493A,1794,0
131493B,1795,0
13149CL1,1796,0
13149CL2,1797,0
1314CL2,1798,0
131501A,1799,0
131501B,1800,0
131502A,1801,0
131502B,1802,0
13150CLC,1803,0
131511A,1804,0
131511B,1805,0
131511C,1806,0
131512A,1807,0
131512B,1808,0
13151CLC,1809,0
131520A,1810,0
13475A,1811,0
13542SP,1812,0
13543SP,1813,0
13709,1814,0
137090A,1815,0
137090B,1816,0
13709B,1817,0
137410A,1818,0
137410B,1819,0
137410C,1820,0
137420A,1821,0
137420B,1822,0
137420C,1823,0
137430A,1824,0
137430B,1825,0
137430C,1826,0
137450A,1827,0
137450B,1828,0
13942CTU,1829,0
139501A,1830,0
139501B,1831,0
139502A,1832,0
139502B,1833,0
13CKM,1834,0
13CKĐ,1835,0
13CĐL,1836,0
13KĐĐ,1837,0
13MCN,1838,0
13ĐKC,1839,0
141040A,1840,0
141040B,1841,0
141040C,1842,0
141091A,1843,0
141091B,1844,0
141091C,1845,0
141092A,1846,0
141092B,1847,0
141092C,1848,0
14109CLC,1849,0
141101A,1850,0
141101B,1851,0
141101C,1852,0
141102A,1853,0
141102B,1854,0
141102C,1855,0
141103A,1856,0
141103B,1857,0
141103C,1858,0
14110CL1,1859,0
14110CL2,1860,0
14110CL3,1861,0
141161A,1862,0
141161B,1863,0
141161C,1864,0
141162A,1865,0
141162B,1866,0
141163A,1867,0
141163B,1868,0
14116CLC,1869,0
141190A,1870,0
141190B,1871,0
141190C,1872,0
14119CL1,1873,0
14119CL2,1874,0
141230A,1875,0
141230B,1876,0
141240A,1877,0
141240B,1878,0
141240C,1879,0
14124CLC,1880,0
141250A,1881,0
141250B,1882,0
14125CLC,1883,0
141411A,1884,0
141411B,1885,0
141411C,1886,0
141412A,1887,0
141412B,1888,0
141412C,1889,0
141412D,1890,0
141413A,1891,0
141413B,1892,0
141413C,1893,0
141413D,1894,0
141414A,1895,0
141414B,1896,0
14141CL1,1897,0
14141CL2,1898,0
14141CL3,1899,0
14141CL4,1900,0
141421A,1901,0
141421B,1902,0
141421C,1903,0
141421D,1904,0
141422A,1905,0
141422B,1906,0
141422C,1907,0
141422D,1908,0
141423A,1909,0
141423B,1910,0
141423C,1911,0
141423D,1912,0
141424A,1913,0
141424B,1914,0
14142CL1,1915,0
14142CL2,1916,0
14142CLC,1917,0
141431A,1918,0
141431B,1919,0
141431C,1920,0
141431D,1921,0
141432A,1922,0
141432B,1923,0
141432C,1924,0
141433A,1925,0
141433B,1926,0
141433C,1927,0
141433D,1928,0
14143CL1,1929,0
14143CL2,1930,0
14143CLC,1931,0
141441A,1932,0
141441B,1933,0
141441C,1934,0
141442A,1935,0
141442B,1936,0
141442C,1937,0
14144CL1,1938,0
14144CL2,1939,0
141451A,1940,0
141451B,1941,0
141451C,1942,0
141452A,1943,0
141452B,1944,0
141452C,1945,0
141453A,1946,0
141453B,1947,0
141453C,1948,0
141454A,1949,0
141454B,1950,0
141454C,1951,0
1414552C,1952,0
14145CLC,1953,0
141461A,1954,0
141461B,1955,0
141461C,1956,0
141461D,1957,0
141462A,1958,0
141462B,1959,0
141462C,1960,0
141463A,1961,0
141463B,1962,0
141463C,1963,0
14146CL1,1964,0
14146CL2,1965,0
14146CLC,1966,0
141470A,1967,0
141470B,1968,0
141470C,1969,0
14147CL1,1970,0
14147CL2,1971,0
141480A,1972,0
141480B,1973,0
141480C,1974,0
14148CLC,1975,0
141491A,1976,0
141491B,1977,0
141492A,1978,0
141492B,1979,0
141493A,1980,0
141493B,1981,0
141494A,1982,0
141494B,1983,0
14149CL1,1984,0
14149CL2,1985,0
141501A,1986,0
141501B,1987,0
141501C,1988,0
141502A,1989,0
141502B,1990,0
14150CL1,1991,0
14150CL2,1992,0
14150CLC,1993,0
141511A,1994,0
141511B,1995,0
141512A,1996,0
141512B,1997,0
14151CLC,1998,0
141520A,1999,0
141520B,2000,0
14442SP2,2001,0
14443SP2,2002,0
14445SP2,2003,0
1444SP2,2004,0
14542SP2,2005,0
145435SP2,2006,0
14543SP2,2007,0
145450SP2,2008,0
14545SP2,2009,0
14642SP2,2010,0
14645SP2,2011,0
147090A,2012,0
147090B,2013,0
147410A,2014,0
147410B,2015,0
147420A,2016,0
147420B,2017,0
14742B,2018,0
147430A,2019,0
147430B,2020,0
147450A,2021,0
147450B,2022,0
14842SP2,2023,0
14843SP2,2024,0
14845SP2,2025,0
149500A,2026,0
149500B,2027,0
149500C,2028,0
14D05,2029,0
14Đ01,2030,0
14Đ02,2031,0
14Đ03,2032,0
14Đ05,2033,0
14Đ09,2034,0
151040A,2035,0
151040B,2036,0
151091A,2037,0
151091B,2038,0
151091C,2039,0
151092A,2040,0
151092B,2041,0
15109CL1,2042,0
15109CL2,2043,0
151101A,2044,0
151101B,2045,0
151101C,2046,0
151102A,2047,0
151102B,2048,0
151103A,2049,0
151103B,2050,0
15110CL1,2051,0
15110CL2,2052,0
15110CL3,2053,0
15110CL4,2054,0
15110CL5,2055,0
151161A,2056,0
151161B,2057,0
151162A,2058,0
151162B,2059,0
15116CL1,2060,0
15116CL2,2061,0
151191A,2062,0
151191B,2063,0
151192A,2064,0
151192B,2065,0
15119CL1,2066,0
15119CL2,2067,0
151230A,2068,0
151241A,2069,0
151241B,2070,0
151242A,2071,0
151242B,2072,0
15124CL1,2073,0
15124CL2,2074,0
151250A,2075,0
151250B,2076,0
151250C,2077,0
15125CL1,2078,0
15125CL2,2079,0
151260A,2080,0
151260B,2081,0
151260C,2082,0
151271A,2083,0
151271B,2084,0
151272A,2085,0
151272B,2086,0
15127CLC,2087,0
151280A,2088,0
151280B,2089,0
151280C,2090,0
151411A,2091,0
151411B,2092,0
151411C,2093,0
151411D,2094,0
151412A,2095,0
151412B,2096,0
151412C,2097,0
151413A,2098,0
151413B,2099,0
151413C,2100,0
15141CL1,2101,0
15141CL2,2102,0
15141CL3,2103,0
151421A,2104,0
151421B,2105,0
151421C,2106,0
151421D,2107,0
151422A,2108,0
151422B,2109,0
151422C,2110,0
151423A,2111,0
151423B,2112,0
151423C,2113,0
15142CL1,2114,0
15142CL2,2115,0
15142CL3,2116,0
15142CL4,2117,0
151431A,2118,0
151431B,2119,0
151431C,2120,0
151431D,2121,0
151432A,2122,0
151432B,2123,0
151432C,2124,0
151433A,2125,0
151433B,2126,0
151433C,2127,0
15143CL1,2128,0
15143CL2,2129,0
15143CL3,2130,0
151441A,2131,0
151441B,2132,0
151441C,2133,0
151442A,2134,0
151442B,2135,0
151442C,2136,0
15144CL1,2137,0
15144CL2,2138,0
15144CL3,2139,0
151451A,2140,0
151451B,2141,0
151451C,2142,0
151451D,2143,0
151452A,2144,0
151452B,2145,0
151452C,2146,0
151453A,2147,0
151453B,2148,0
151453C,2149,0
15145CL1,2150,0
15145CL2,2151,0
15145CL3,2152,0
15145CL4,2153,0
15145CL5,2154,0
15145CL6,2155,0
151461A,2156,0
151461B,2157,0
151461C,2158,0
151462A,2159,0
151462B,2160,0
151462C,2161,0
15146CL1,2162,0
15146CL2,2163,0
15146CL3,2164,0
15146CL4,2165,0
151470A,2166,0
151470B,2167,0
151470C,2168,0
15147CL1,2169,0
15147CL2,2170,0
151480A,2171,0
151480B,2172,0
151480C,2173,0
15148CL1,2174,0
15148CL2,2175,0
151491A,2176,0
151491B,2177,0
151491C,2178,0
151492A,2179,0
151492B,2180,0
15149CL1,2181,0
15149CL2,2182,0
151501A,2183,0
151501B,2184,0
151502A,2185,0
151502B,2186,0
15150CL1,2187,0
15150CL2,2188,0
151511A,2189,0
151511B,2190,0
151511C,2191,0
151512A,2192,0
151512B,2193,0
151512C,2194,0
15151CL1,2195,0
15151CL2,2196,0
15151CL3,2197,0
151520A,2198,0
151520B,2199,0
153090A,2200,0
153410A,2201,0
153410B,2202,0
153420A,2203,0
153420B,2204,0
153430A,2205,0
153430B,2206,0
153450A,2207,0
157410A,2208,0
157410B,2209,0
157421A,2210,0
157421B,2211,0
157422,2212,0
157422A,2213,0
157422B,2214,0
157431A,2215,0
157431B,2216,0
157431C,2217,0
157432A,2218,0
157432B,2219,0
159500A,2220,0
159500B,2221,0
15Đ01,2222,0
15Đ03,2223,0
15Đ05,2224,0
15Đ09,2225,0
15Đ13,2226,0
161040A,2227,0
161040B,2228,0
161040C,2229,0
161091A,2230,0
161091B,2231,0
161092A,2232,0
161092B,2233,0
16109CL1,2234,0
16109CL2,2235,0
161101A,2236,0
161101B,2237,0
161101C,2238,0
161102A,2239,0
161102B,2240,0
161102C,2241,0
161103A,2242,0
161103B,2243,0
16110CL1,2244,0
16110CL2,2245,0
16110CL3,2246,0
16110CL4,2247,0
16110CL5,2248,0
16110CL6,2249,0
161160A,2250,0
161160B,2251,0
161160C,2252,0
16116CL1,2253,0
16116CL2,2254,0
16116CL3,2255,0
161190A,2256,0
161190B,2257,0
161190C,2258,0
16119CL1,2259,0
161230A,2260,0
161230B,2261,0
161230C,2262,0
161230D,2263,0
161240A,2264,0
161240B,2265,0
161240C,2266,0
16124CL1,2267,0
16124CL2,2268,0
16124CL3,2269,0
161250A,2270,0
161250B,2271,0
161250C,2272,0
16125CL1,2273,0
16125CL2,2274,0
161260A,2275,0
161260B,2276,0
161260C,2277,0
161270A,2278,0
161270B,2279,0
161270C,2280,0
161280A,2281,0
161280B,2282,0
161280C,2283,0
161290A,2284,0
161290B,2285,0
161300A,2286,0
161300B,2287,0
161310A,2288,0
161310B,2289,0
161320A,2290,0
161320B,2291,0
161411A,2292,0
161411B,2293,0
161411C,2294,0
161412A,2295,0
161412B,2296,0
161412C,2297,0
161413A,2298,0
161413B,2299,0
16141CL1,2300,0
16141CL2,2301,0
161421A,2302,0
161421B,2303,0
161421C,2304,0
161422A,2305,0
161422B,2306,0
161422C,2307,0
161423A,2308,0
161423B,2309,0
16142CL1,2310,0
16142CL2,2311,0
16142CL3,2312,0
16142CL4,2313,0
16142CL5,2314,0
16142CLA,2315,0
161431A,2316,0
161431B,2317,0
161431C,2318,0
161432A,2319,0
161432B,2320,0
161432C,2321,0
161433A,2322,0
161433B,2323,0
16143CL1,2324,0
16143CL2,2325,0
16143CL3,2326,0
16143CL4,2327,0
16143CLA,2328,0
161441A,2329,0
161441B,2330,0
161441C,2331,0
161442A,2332,0
161442B,2333,0
16144CL1,2334,0
16144CL2,2335,0
16144CL3,2336,0
16144CL4,2337,0
16144CL5,2338,0
161451A,2339,0
161451B,2340,0
161451C,2341,0
161452A,2342,0
161452B,2343,0
161452C,2344,0
161453A,2345,0
161453B,2346,0
16145CL1,2347,0
16145CL2,2348,0
16145CL3,2349,0
16145CL4,2350,0
16145CL5,2351,0
16145CL6,2352,0
16145CL7,2353,0
16145CLA,2354,0
161461A,2355,0
161461B,2356,0
161461C,2357,0
161462A,2358,0
161462B,2359,0
161462C,2360,0
16146CL1,2361,0
16146CL2,2362,0
16146CL3,2363,0
16146CL4,2364,0
16146CL5,2365,0
16146CLA,2366,0
161470A,2367,0
161470B,2368,0
161470C,2369,0
16147CL1,2370,0
16147CL2,2371,0
16147CL3,2372,0
161480A,2373,0
161480B,2374,0
161480C,2375,0
16148CL1,2376,0
16148CL2,2377,0
161491A,2378,0
161491B,2379,0
161492A,2380,0
161492B,2381,0
16149CL1,2382,0
16149CL2,2383,0
16149CL3,2384,0
16149CLA,2385,0
161500A,2386,0
161500B,2387,0
161500C,2388,0
16150CL1,2389,0
161511A,2390,0
161511B,2391,0
161511C,2392,0
161512A,2393,0
16151CL1,2394,0
16151CL2,2395,0
16151CL3,2396,0
161520A,2397,0
163090A,2398,0
163410A,2399,0
163420A,2400,0
163420B,2401,0
163430A,2402,0
163430B,2403,0
163450A,2404,0
163450B,2405,0
163490A,2406,0
16649TKS2,2407,0
169040A,2408,0
169500A,2409,0
169500B,2410,0
171040A,2411,0
171040B,2412,0
171091A,2413,0
171091B,2414,0
171092A,2415,0
171092B,2416,0
17109CL1A,2417,0
17109CL1B,2418,0
17109CL1C,2419,0
17109CL2A,2420,0
17109CL2B,2421,0
17109CL3A,2422,0
17109CL3B,2423,0
171101A,2424,0
171101B,2425,0
171101C,2426,0
171102A,2427,0
171102B,2428,0
17110CL1A,2429,0
17110CL1B,2430,0
17110CL1C,2431,0
17110CL2A,2432,0
17110CL2B,2433,0
17110CL3A,2434,0
17110CL3B,2435,0
17110CL4A,2436,0
17110CL4B,2437,0
17110CLA1,2438,0
17110CLA2,2439,0
17110CLA3,2440,0
17110CLA4,2441,0
17110CLA5,2442,0
1711101B,2443,0
171160A,2444,0
171160B,2445,0
171160C,2446,0
17116CL1A,2447,0
17116CL1B,2448,0
17116CL1C,2449,0
17116CL2A,2450,0
17116CL2B,2451,0
17116CLA1,2452,0
17116CLA2,2453,0
171190A,2454,0
171190B,2455,0
171190C,2456,0
17119CL1A,2457,0
17119CL1B,2458,0
17119CL3,2459,0
171230A,2460,0
171230B,2461,0
171240A,2462,0
171240B,2463,0
171240C,2464,0
17124CL1A,2465,0
17124CL1B,2466,0
17124CL1C,2467,0
17124CL2A,2468,0
17124CL2B,2469,0
17124CL3A,2470,0
17124CL3B,2471,0
171250A,2472,0
171250B,2473,0
171250C,2474,0
17125CL1A,2475,0
17125CL1B,2476,0
17125CL1C,2477,0
17125CL2A,2478,0
17125CL2B,2479,0
17125CL2C,2480,0
17125CL3A,2481,0
17125CL3B,2482,0
171260A,2483,0
171260B,2484,0
171260C,2485,0
171270A,2486,0
171270B,2487,0
171270C,2488,0
171280A,2489,0
171280B,2490,0
171280C,2491,0
171290A,2492,0
171290B,2493,0
171290C,2494,0
171300A,2495,0
171300B,2496,0
171310A,2497,0
171310B,2498,0
171320A,2499,0
171320B,2500,0
171320C,2501,0
171330A,2502,0
171330B,2503,0
171330C,2504,0
171411A,2505,0
171411B,2506,0
171411C,2507,0
171412A,2508,0
171412B,2509,0
17141CL1A,2510,0
17141CL1B,2511,0
17141CL1C,2512,0
17141CL2A,2513,0
17141CL2B,2514,0
17141CL3A,2515,0
17141CL3B,2516,0
17141CLA1,2517,0
17141CLA2,2518,0
171421A,2519,0
171421B,2520,0
171421C,2521,0
171422A,2522,0
171422B,2523,0
17142CL1A,2524,0
17142CL1B,2525,0
17142CL2A,2526,0
17142CL2B,2527,0
17142CL3A,2528,0
17142CL3B,2529,0
17142CL4A,2530,0
17142CL4B,2531,0
17142CLA1,2532,0
17142CLA2,2533,0
17142CLA3,2534,0
171431A,2535,0
171431B,2536,0
171431C,2537,0
171432A,2538,0
171432B,2539,0
17143CL1A,2540,0
17143CL1B,2541,0
17143CL2A,2542,0
17143CL2B,2543,0
17143CL3A,2544,0
17143CL3B,2545,0
17143CLA1,2546,0
17143CLA2,2547,0
17143CLA3,2548,0
171441A,2549,0
171441B,2550,0
171441C,2551,0
171442A,2552,0
171442B,2553,0
17144CL1A,2554,0
17144CL1B,2555,0
17144CL2A,2556,0
17144CL2B,2557,0
17144CL3A,2558,0
17144CL3B,2559,0
17144CL4A,2560,0
17144CL4B,2561,0
17144CLA1,2562,0
17144CLA2,2563,0
171451A,2564,0
171451B,2565,0
171451C,2566,0
171452A,2567,0
171452B,2568,0
17145CL1A,2569,0
17145CL1B,2570,0
17145CL1C,2571,0
17145CL2A,2572,0
17145CL2B,2573,0
17145CL2C,2574,0
17145CL3A,2575,0
17145CL3B,2576,0
17145CL4A,2577,0
17145CL4B,2578,0
17145CLA1,2579,0
17145CLA2,2580,0
17145CLA3,2581,0
17145CLA4,2582,0
171461A,2583,0
171461B,2584,0
171461C,2585,0
171462A,2586,0
171462B,2587,0
17146CL1A,2588,0
17146CL1B,2589,0
17146CL2A,2590,0
17146CL2B,2591,0
17146CL3A,2592,0
17146CL3B,2593,0
17146CL4A,2594,0
17146CL4B,2595,0
17146CLA1,2596,0
17146CLA2,2597,0
17146CLA3,2598,0
17146CLA4,2599,0
171470A,2600,0
171470B,2601,0
171470C,2602,0
17147CL1A,2603,0
17147CL1B,2604,0
17147CL2A,2605,0
17147CL2B,2606,0
17147CL2C,2607,0
17147CL3A,2608,0
17147CL3B,2609,0
171480A,2610,0
171480B,2611,0
171480C,2612,0
17148CL1A,2613,0
17148CL1B,2614,0
17148CL1C,2615,0
17148CL2A,2616,0
17148CL2B,2617,0
17148CL2C,2618,0
171491A,2619,0
171491B,2620,0
171491C,2621,0
171492A,2622,0
171492B,2623,0
17149CL1A,2624,0
17149CL1B,2625,0
17149CL1C,2626,0
17149CL2A,2627,0
17149CL2B,2628,0
17149CL2C,2629,0
17149CLA1,2630,0
17149CLA2,2631,0
171500A,2632,0
171500B,2633,0
171500C,2634,0
17150CL1A,2635,0
17150CL1B,2636,0
171511A,2637,0
171511B,2638,0
171511C,2639,0
171512A,2640,0
171512B,2641,0
17151CL1A,2642,0
17151CL1B,2643,0
17151CL2A,2644,0
17151CL2B,2645,0
17151CL3A,2646,0
17151CL3B,2647,0
17151CLA1,2648,0
17151CLA2,2649,0
171520A,2650,0
171520B,2651,0
171530A,2652,0
171530B,2653,0
172ND24,2654,0
179500A,2655,0
181040A,2656,0
181040B,2657,0
181090A,2658,0
181090B,2659,0
181090C,2660,0
18109CL0A,2661,0
18109CL0B,2662,0
18109CL0C,2663,0
181101A,2664,0
181101B,2665,0
181101C,2666,0
181102A,2667,0
181102B,2668,0
18110CL1A,2669,0
18110CL1B,2670,0
18110CL1C,2671,0
18110CL2A,2672,0
18110CL2B,2673,0
18110CLA1,2674,0
18110CLA2,2675,0
181160A,2676,0
181160B,2677,0
181160C,2678,0
18116CL0A,2679,0
18116CL0B,2680,0
18116CL0C,2681,0
18116CLA,2682,0
181190A,2683,0
181190B,2684,0
18119CL0A,2685,0
18119CL0B,2686,0
18119CL0C,2687,0
18119CLA,2688,0
181210A,2689,0
181230A,2690,0
181230B,2691,0
181241A,2692,0
181241B,2693,0
181242A,2694,0
181242B,2695,0
18124CL1A,2696,0
18124CL1B,2697,0
18124CL2A,2698,0
18124CL2B,2699,0
181250A,2700,0
181250B,2701,0
18125CL0A,2702,0
18125CL0B,2703,0
18125CL0C,2704,0
181260A,2705,0
181260B,2706,0
181260C,2707,0
181270A,2708,0
181270B,2709,0
181280A,2710,0
181280B,2711,0
181280C,2712,0
181290A,2713,0
181290B,2714,0
181300A,2715,0
181300B,2716,0
181311A,2717,0
181311B,2718,0
181312A,2719,0
181312B,2720,0
181320A,2721,0
181320B,2722,0
181320C,2723,0
181330A,2724,0
181330B,2725,0
181421A,2726,0
181421B,2727,0
181422A,2728,0
181422B,2729,0
181423A,2730,0
181423B,2731,0
18142CL1A,2732,0
18142CL1B,2733,0
18142CL2A,2734,0
18142CL2B,2735,0
18142CL3A,2736,0
18142CL3B,2737,0
18142CLA1,2738,0
18142CLA2,2739,0
181431A,2740,0
181431B,2741,0
181431D,2742,0
181432A,2743,0
181432B,2744,0
18143CL1A,2745,0
18143CL1B,2746,0
18143CL1C,2747,0
18143CL2A,2748,0
18143CL2B,2749,0
18143CLA1,2750,0
18143CLA2,2751,0
181441A,2752,0
181441B,2753,0
181442A,2754,0
181442B,2755,0
18144CL1A,2756,0
18144CL1B,2757,0
18144CL1C,2758,0
18144CL2A,2759,0
18144CL2B,2760,0
18144CLA1,2761,0
18144CLA2,2762,0
181451A,2763,0
181451B,2764,0
181451C,2765,0
181452A,2766,0
181452B,2767,0
181452C,2768,0
18145CL1A,2769,0
18145CL1B,2770,0
18145CL1C,2771,0
18145CL2A,2772,0
18145CL2B,2773,0
18145CL3A,2774,0
18145CL3B,2775,0
18145CLA1,2776,0
18145CLA2,2777,0
181461A,2778,0
181461B,2779,0
181461C,2780,0
181462A,2781,0
181462B,2782,0
18146CL1A,2783,0
18146CL1B,2784,0
18146CL1C,2785,0
18146CL2A,2786,0
18146CL2B,2787,0
18146CLA1,2788,0
18146CLA2,2789,0
181470A,2790,0
181470B,2791,0
181470C,2792,0
18147CL0A,2793,0
18147CL0B,2794,0
18147CL0C,2795,0
18147CL1A,2796,0
18147CL1B,2797,0
18147CLA,2798,0
181491A,2799,0
181491B,2800,0
181492A,2801,0
181492B,2802,0
18149CL1A,2803,0
18149CL1B,2804,0
18149CL1C,2805,0
18149CL2A,2806,0
18149CL2B,2807,0
18149CLA,2808,0
181500A,2809,0
181500B,2810,0
18150CL0A,2811,0
18150CL0B,2812,0
18150CL0C,2813,0
181511A,2814,0
181511B,2815,0
181512A,2816,0
181512B,2817,0
18151CL0A,2818,0
18151CL0B,2819,0
18151CL0C,2820,0
18151CLA,2821,0
181530A,2822,0
181530B,2823,0
181540A,2824,0
181540B,2825,0
181550A,2826,0
181550B,2827,0
181560A,2828,0
181560B,2829,0
181570A,2830,0
181570B,2831,0
181580A,2832,0
181580B,2833,0
18158CL0A,2834,0
18158CL0B,2835,0
18158CL0C,2836,0
181590A,2837,0
181590B,2838,0
181611A,2839,0
181611B,2840,0
181612A,2841,0
181612B,2842,0
18161CL1A,2843,0
18161CL1B,2844,0
18161CL2,2845,0
18161CL2A,2846,0
18161CL2B,2847,0
18161CLA,2848,0
1816CL2B,2849,0
18542SP2,2850,0
189500A,2851,0
18A,2852,0
18MD,2853,0
18TM,2854,0
191040A,2855,0
191040B,2856,0
191090A,2857,0
191090B,2858,0
191090C,2859,0
19109CL1A,2860,0
19109CL1B,2861,0
19109CL2A,2862,0
19109CL2B,2863,0
191101A,2864,0
191101B,2865,0
191101C,2866,0
191102A,2867,0
191102B,2868,0
191102C,2869,0
19110CL1A,2870,0
19110CL1B,2871,0
19110CL1C,2872,0
19110CL2A,2873,0
19110CL2B,2874,0
19110CL2C,2875,0
19110CL3A,2876,0
19110CL3B,2877,0
19110CLA1,2878,0
19110CLA2,2879,0
19110CLA3,2880,0
19110CLA4,2881,0
191160A,2882,0
191160B,2883,0
191160C,2884,0
19116CL1A,2885,0
19116CL1B,2886,0
19116CL1C,2887,0
19116CL2A,2888,0
19116CL2B,2889,0
19116CLA1,2890,0
19116CLA2,2891,0
191190A,2892,0
191190B,2893,0
19119CL0A,2894,0
19119CL0B,2895,0
19119CL0C,2896,0
19119CLA1,2897,0
19119CLA2,2898,0
19121,2899,0
191230A,2900,0
191230B,2901,0
191241A,2902,0
191241B,2903,0
191242A,2904,0
191242B,2905,0
19124CL1A,2906,0
19124CL1B,2907,0
19124CL1C,2908,0
19124CL2A,2909,0
19124CL2B,2910,0
19124CL2C,2911,0
19124CLA1,2912,0
19124CLA2,2913,0
191250A,2914,0
191250B,2915,0
191250C,2916,0
19125CL1A,2917,0
19125CL1B,2918,0
19125CL1C,2919,0
19125CL2A,2920,0
19125CL2B,2921,0
191261A,2922,0
191261B,2923,0
191262A,2924,0
191262B,2925,0
191270A,2926,0
191270B,2927,0
191280A,2928,0
191280B,2929,0
191280C,2930,0
191290A,2931,0
191290B,2932,0
191300A,2933,0
191300B,2934,0
191311A,2935,0
191311B,2936,0
191312A,2937,0
191312B,2938,0
191321A,2939,0
191321B,2940,0
191322A,2941,0
191322B,2942,0
191330A,2943,0
191330B,2944,0
19134,2945,0
191350A,2946,0
191350B,2947,0
191360A,2948,0
191360B,2949,0
191360C,2950,0
191370A,2951,0
191370B,2952,0
191380A,2953,0
191380B,2954,0
191421A,2955,0
191421B,2956,0
191421C,2957,0
191422A,2958,0
191422B,2959,0
191422C,2960,0
19142CL1A,2961,0
19142CL1B,2962,0
19142CL1C,2963,0
19142CL2A,2964,0
19142CL2B,2965,0
19142CL2C,2966,0
19142CL3A,2967,0
19142CL3B,2968,0
19142CLA1,2969,0
19142CLA2,2970,0
19142CLA3,2971,0
191431A,2972,0
191431B,2973,0
191432A,2974,0
191432B,2975,0
191433A,2976,0
191433B,2977,0
19143CL1A,2978,0
19143CL1B,2979,0
19143CL1C,2980,0
19143CL2A,2981,0
19143CL2B,2982,0
19143CL2C,2983,0
19143CL3A,2984,0
19143CL3B,2985,0
19143CL3C,2986,0
19143CLA1,2987,0
19143CLA2,2988,0
19143CLA3,2989,0
19144,2990,0
191441A,2991,0
191441B,2992,0
191442A,2993,0
191442B,2994,0
19144CL1A,2995,0
19144CL1B,2996,0
19144CL2A,2997,0
19144CL2B,2998,0
19144CL3A,2999,0
19144CL3B,3000,0
19144CLA1,3001,0
19144CLA2,3002,0
191451A,3003,0
191451B,3004,0
191451C,3005,0
191452A,3006,0
191452B,3007,0
191453A,3008,0
191453B,3009,0
19145CL1A,3010,0
19145CL1B,3011,0
19145CL1C,3012,0
19145CL2A,3013,0
19145CL2B,3014,0
19145CL2C,3015,0
19145CL3A,3016,0
19145CL3B,3017,0
19145CL3C,3018,0
19145CL4A,3019,0
19145CL4B,3020,0
19145CLA1,3021,0
19145CLA2,3022,0
19145CLA3,3023,0
19145CLA4,3024,0
191461A,3025,0
191461B,3026,0
191461C,3027,0
191462A,3028,0
191462B,3029,0
19146CL1A,3030,0
19146CL1B,3031,0
19146CL1C,3032,0
19146CL2A,3033,0
19146CL2B,3034,0
19146CL2C,3035,0
19146CL3A,3036,0
19146CL3B,3037,0
19146CL3C,3038,0
19146CLA1,3039,0
19146CLA2,3040,0
19146CLA3,3041,0
191471A,3042,0
191471B,3043,0
191472A,3044,0
191472B,3045,0
19147CL1A,3046,0
19147CL1B,3047,0
19147CL1C,3048,0
19147CL2A,3049,0
19147CL2B,3050,0
19147CLA1,3051,0
19147CLA2,3052,0
191491A,3053,0
191491B,3054,0
191491C,3055,0
191492A,3056,0
191492B,3057,0
19149CL1A,3058,0
19149CL1B,3059,0
19149CL1C,3060,0
19149CL2A,3061,0
19149CL2B,3062,0
19149CL2C,3063,0
19149CL3A,3064,0
19149CL3B,3065,0
19149CLA1,3066,0
19149CLA2,3067,0
191500A,3068,0
191500B,3069,0
19150CL0A,3070,0
19150CL0B,3071,0
19150CL0C,3072,0
191511A,3073,0
191511B,3074,0
191512A,3075,0
191512B,3076,0
19151CL1A,3077,0
19151CL1B,3078,0
19151CL2A,3079,0
19151CL2B,3080,0
19151CLA1,3081,0
19151CLA2,3082,0
191540A,3083,0
191540B,3084,0
191550A,3085,0
191550B,3086,0
191560A,3087,0
191560B,3088,0
191570A,3089,0
191570B,3090,0
191580A,3091,0
191580B,3092,0
19158CL1A,3093,0
19158CL1B,3094,0
19158CL1C,3095,0
19158CL2A,3096,0
19158CL2B,3097,0
191590A,3098,0
191590B,3099,0
191611A,3100,0
191611B,3101,0
191611C,3102,0
191612A,3103,0
191612B,3104,0
19161CL1A,3105,0
19161CL1B,3106,0
19161CL1C,3107,0
19161CL2A,3108,0
19161CL2B,3109,0
19161CL3A,3110,0
19161CL3B,3111,0
19161CLA1,3112,0
19161CLA2,3113,0
193420A,3114,0
193420B,3115,0
193440A,3116,0
193440B,3117,0
19950,3118,0
2000KĐĐ,3119,0
201103B,3120,0
20116,3121,0
20116CL2B,3122,0
20116CL3A,3123,0
20128,3124,0
20131,3125,0
20142,3126,0
20145CL1B,3127,0
201471B,3128,0
201472B,3129,0
2014CL3A,3130,0
20150,3131,0
20158,3132,0
2015B,3133,0
21104A,3134,0
21104B,3135,0
21104C,3136,0
211091A,3137,0
211091B,3138,0
211092A,3139,0
211092B,3140,0
21109CL1A,3141,0
21109CL1B,3142,0
21109CL2A,3143,0
21109CL2B,3144,0
21109CL3A,3145,0
21109CL3B,3146,0
211101A,3147,0
211101B,3148,0
211101C,3149,0
211102A,3150,0
211102B,3151,0
211103A,3152,0
211103B,3153,0
21110CL1,3154,0
21110CL2,3155,0
21110CL3,3156,0
21110CL4,3157,0
21110CL5,3158,0
21110CL6,3159,0
21110CLA1,3160,0
21110CLA2,3161,0
21110CLA3,3162,0
211161A,3163,0
211161B,3164,0
211161C,3165,0
211162A,3166,0
211162B,3167,0
21116CL1A,3168,0
21116CL1B,3169,0
21116CL2A,3170,0
21116CL2B,3171,0
21116CL3A,3172,0
21116CL3B,3173,0
21116CLA1,3174,0
21116CLA2,3175,0
21119A,3176,0
21119B,3177,0
21119C,3178,0
21119CL1A,3179,0
21119CL1B,3180,0
21119CL2A,3181,0
21119CL2B,3182,0
21119CL3A,3183,0
21119CL3B,3184,0
21119CLA1,3185,0
21119CLA2,3186,0
21123A,3187,0
21123B,3188,0
211241A,3189,0
211241B,3190,0
211241C,3191,0
211242A,3192,0
211242B,3193,0
21124CL1,3194,0
21124CL2,3195,0
21124CL3,3196,0
21124CLA1,3197,0
21124CLA2,3198,0
21125A,3199,0
21125B,3200,0
21125C,3201,0
21125CL1,3202,0
21125CL2,3203,0
21125CL3,3204,0
211261A,3205,0
211261B,3206,0
211262A,3207,0
211262B,3208,0
21126CL1A,3209,0
21126CL1B,3210,0
21126CL2A,3211,0
21126CL2B,3212,0
21127A,3213,0
21127B,3214,0
21127C,3215,0
211281A,3216,0
211281B,3217,0
211282A,3218,0
211282B,3219,0
21128CL1A,3220,0
21128CL1B,3221,0
21128CL2A,3222,0
21128CL2B,3223,0
21129A,3224,0
21129B,3225,0
21129C,3226,0
211301A,3227,0
211301B,3228,0
211302A,3229,0
211302B,3230,0
211311A,3231,0
211311B,3232,0
211311C,3233,0
211312A,3234,0
211312B,3235,0
211312C,3236,0
211321A,3237,0
211321B,3238,0
211321C,3239,0
211322A,3240,0
211322B,3241,0
211323A,3242,0
211323B,3243,0
21133A,3244,0
21133B,3245,0
21133C,3246,0
21134NT,3247,0
21135A,3248,0
21135B,3249,0
21135C,3250,0
211361A,3251,0
211361B,3252,0
211362A,3253,0
211362B,3254,0
21138A,3255,0
21138B,3256,0
21138C,3257,0
21139A,3258,0
21139B,3259,0
211401A,3260,0
211401B,3261,0
211401C,3262,0
211402A,3263,0
211402B,3264,0
211421A,3265,0
211421B,3266,0
211421C,3267,0
211422A,3268,0
211422B,3269,0
211422C,3270,0
211423A,3271,0
211423B,3272,0
21142CL1A,3273,0
21142CL1B,3274,0
21142CL2A,3275,0
21142CL2B,3276,0
21142CL3A,3277,0
21142CL3B,3278,0
21142CL4A,3279,0
21142CL4B,3280,0
21142CL5A,3281,0
21142CL5B,3282,0
21142CL6A,3283,0
21142CL6B,3284,0
21142CLA1,3285,0
21142CLA2,3286,0
21142CLA3,3287,0
21142CLA4,3288,0
211431A,3289,0
211431B,3290,0
211431C,3291,0
211432A,3292,0
211432B,3293,0
21143CL1A,3294,0
21143CL1B,3295,0
21143CL2A,3296,0
21143CL2B,3297,0
21143CL3A,3298,0
21143CL3B,3299,0
21143CL4A,3300,0
21143CL4B,3301,0
21143CL5A,3302,0
21143CL5B,3303,0
21143CL6A,3304,0
21143CL6B,3305,0
21143CLA1,3306,0
21143CLA2,3307,0
21143CLN1,3308,0
21143CLN2,3309,0
211441A,3310,0
211441B,3311,0
211441C,3312,0
211442A,3313,0
211442B,3314,0
211443A,3315,0
211443B,3316,0
21144CL1A,3317,0
21144CL1B,3318,0
21144CL2A,3319,0
21144CL2B,3320,0
21144CL3A,3321,0
21144CL3B,3322,0
21144CL4A,3323,0
21144CL4B,3324,0
21144CL5A,3325,0
21144CL5B,3326,0
21144CLA1,3327,0
21144CLA2,3328,0
211451A,3329,0
211451B,3330,0
211452A,3331,0
211452B,3332,0
211453A,3333,0
211453B,3334,0
211454A,3335,0
211454B,3336,0
21145CL1A,3337,0
21145CL1B,3338,0
21145CL2A,3339,0
21145CL2B,3340,0
21145CL3A,3341,0
21145CL3B,3342,0
21145CL4A,3343,0
21145CL4B,3344,0
21145CL5A,3345,0
21145CL5B,3346,0
21145CL6A,3347,0
21145CL6B,3348,0
21145CLA1,3349,0
21145CLA2,3350,0
21145CLA3,3351,0
211461A,3352,0
211461B,3353,0
211461C,3354,0
211462A,3355,0
211462B,3356,0
211462C,3357,0
21146CL1A,3358,0
21146CL1B,3359,0
21146CL2A,3360,0
21146CL2B,3361,0
21146CL3A,3362,0
21146CL3B,3363,0
21146CL4A,3364,0
21146CL4B,3365,0
21146CL5A,3366,0
21146CL5B,3367,0
21146CL6A,3368,0
21146CL6B,3369,0
21146CLA1,3370,0
21146CLA2,3371,0
21146CLA3,3372,0
211471A,3373,0
211471B,3374,0
211472A,3375,0
211472B,3376,0
211473A,3377,0
211473B,3378,0
21147CL1A,3379,0
21147CL1B,3380,0
21147CL2A,3381,0
21147CL2B,3382,0
21147CL3A,3383,0
21147CL3B,3384,0
21147CLA1,3385,0
21147CLA2,3386,0
211491A,3387,0
211491B,3388,0
211491C,3389,0
211492A,3390,0
211492B,3391,0
211493A,3392,0
211493B,3393,0
21149CL1A,3394,0
21149CL1B,3395,0
21149CL2A,3396,0
21149CL2B,3397,0
21149CL3A,3398,0
21149CL3B,3399,0
21149CL4A,3400,0
21149CL4B,3401,0
21149CL5A,3402,0
21149CL5B,3403,0
21149CLA1,3404,0
21149CLA2,3405,0
21150A,3406,0
21150B,3407,0
21150C,3408,0
21150CL1,3409,0
21150CL2,3410,0
211511A,3411,0
211511B,3412,0
211511C,3413,0
211512A,3414,0
211512B,3415,0
211512C,3416,0
21151CL1A,3417,0
21151CL1B,3418,0
21151CL2A,3419,0
21151CL2B,3420,0
21151CL3A,3421,0
21151CL3B,3422,0
21151CL4A,3423,0
21151CL4B,3424,0
21151CLA1,3425,0
21151CLA2,3426,0
21154A,3427,0
21154B,3428,0
211551A,3429,0
211551B,3430,0
211552A,3431,0
211552B,3432,0
21156A,3433,0
21156B,3434,0
211571A,3435,0
211571B,3436,0
211572A,3437,0
211572B,3438,0
211572C,3439,0
21158A,3440,0
21158B,3441,0
21158C,3442,0
21158CL1A,3443,0
21158CL1B,3444,0
21158CL2A,3445,0
21158CL2B,3446,0
21159A,3447,0
21159B,3448,0
21159C,3449,0
21160A,3450,0
21160B,3451,0
21160C,3452,0
211611A,3453,0
211611B,3454,0
211611C,3455,0
211612A,3456,0
211612B,3457,0
211612C,3458,0
21161CL1A,3459,0
21161CL1B,3460,0
21161CL2A,3461,0
21161CL2B,3462,0
21161CL3A,3463,0
21161CL3B,3464,0
21161CL4A,3465,0
21161CL4B,3466,0
21161CLA1,3467,0
21161CLA2,3468,0
21161CLN1,3469,0
21161CLN2,3470,0
21950,3471,0
21E6,3472,0
221261A,3473,0
22129B,3474,0
22131TI2,3475,0
22135B,3476,0
22142CL3A,3477,0
22143,3478,0
221471B,3479,0
22149CL4A,3480,0
22161,3481,0
22161CL4A,3482,0
22E2,3483,0
22LC47SP3C,3484,0
22LC47SP3L,3485,0
23104A,3486,0
23104B,3487,0
23104C,3488,0
231091A,3489,0
231091B,3490,0
231092A,3491,0
231092B,3492,0
23109CL1A,3493,0
23109CL1B,3494,0
23109CL2A,3495,0
23109CL2B,3496,0
231101A,3497,0
231101B,3498,0
231101C,3499,0
231102A,3500,0
231102B,3501,0
231102C,3502,0
231103A,3503,0
231103B,3504,0
23110CLC1,3505,0
23110CLC2,3506,0
23110CLC3,3507,0
23110CLC4,3508,0
23110CLC5,3509,0
23110FIE1,3510,0
23110FIE2,3511,0
23110FIE3,3512,0
23110FIE4,3513,0
231161A,3514,0
231161B,3515,0
231161C,3516,0
231162A,3517,0
231162B,3518,0
23116CL1A,3519,0
23116CL1B,3520,0
23116CL2A,3521,0
23116CL2B,3522,0
23116FIE1,3523,0
23116FIE2,3524,0
23116FIE3,3525,0
231191A,3526,0
231191B,3527,0
231191C,3528,0
231192A,3529,0
231192B,3530,0
231192C,3531,0
23119CL1A,3532,0
23119CL1B,3533,0
23119CL2A,3534,0
23119CL2B,3535,0
23119FIE1,3536,0
23119FIE2,3537,0
23119FIE3,3538,0
23123A,3539,0
23123B,3540,0
23124A,3541,0
23124B,3542,0
23124C,3543,0
23124CLC1,3544,0
23124CLC2,3545,0
23124CLC3,3546,0
23124CLC4,3547,0
23124FIE1,3548,0
23124FIE2,3549,0
23124FIE3,3550,0
23125A,3551,0
23125B,3552,0
23125C,3553,0
23125CL1A,3554,0
23125CL1B,3555,0
23125CL2A,3556,0
23125CL2B,3557,0
23126A,3558,0
23126B,3559,0
23126C,3560,0
23126CL1A,3561,0
23126CL1B,3562,0
23126CL2A,3563,0
23126CL2B,3564,0
23127A,3565,0
23127B,3566,0
231281A,3567,0
231281B,3568,0
231282A,3569,0
231282B,3570,0
23128CL1A,3571,0
23128CL1B,3572,0
23128CL2A,3573,0
23128CL2B,3574,0
23129A,3575,0
23129B,3576,0
23129C,3577,0
23130A,3578,0
23130B,3579,0
23130C,3580,0
231311A,3581,0
231311B,3582,0
231311C,3583,0
231312A,3584,0
231312B,3585,0
231312C,3586,0
231313A,3587,0
231313B,3588,0
231321A,3589,0
231321B,3590,0
231321C,3591,0
231322A,3592,0
231322B,3593,0
231322C,3594,0
23133A,3595,0
23133B,3596,0
23133C,3597,0
23134A,3598,0
23134B,3599,0
23135A,3600,0
23135B,3601,0
23136A,3602,0
23136B,3603,0
23136C,3604,0
23136D,3605,0
23138A,3606,0
23138B,3607,0
23138C,3608,0
23139A,3609,0
23139B,3610,0
23140A,3611,0
23140B,3612,0
231421A,3613,0
231421B,3614,0
231421C,3615,0
231422A,3616,0
231422B,3617,0
231422C,3618,0
231423A,3619,0
231423B,3620,0
23142CL1A,3621,0
23142CL1B,3622,0
23142CL2A,3623,0
23142CL2B,3624,0
23142CL3A,3625,0
23142CL3B,3626,0
23142CL4A,3627,0
23142CL4B,3628,0
23142CL5A,3629,0
23142CL5B,3630,0
23142FIE1,3631,0
23142FIE2,3632,0
23142FIE3,3633,0
231431A,3634,0
231431B,3635,0
231432A,3636,0
231432B,3637,0
231433A,3638,0
231433B,3639,0
23143CL1A,3640,0
23143CL1B,3641,0
23143CL2A,3642,0
23143CL2B,3643,0
23143CL3A,3644,0
23143CL3B,3645,0
23143CL4A,3646,0
23143CL4B,3647,0
23143CLN1A,3648,0
23143CLN1B,3649,0
23143CLN2A,3650,0
23143CLN2B,3651,0
23143FIE1,3652,0
23143FIE2,3653,0
23143FIE3,3654,0
231441A,3655,0
231441B,3656,0
231442A,3657,0
231442B,3658,0
231443A,3659,0
231443B,3660,0
23144CL1A,3661,0
23144CL1B,3662,0
23144CL2A,3663,0
23144CL2B,3664,0
23144CL3A,3665,0
23144CL3B,3666,0
23144CL4A,3667,0
23144CL4B,3668,0
23144FIE1,3669,0
23144FIE2,3670,0
23144FIE3,3671,0
231451A,3672,0
231451B,3673,0
231451C,3674,0
231452A,3675,0
231452B,3676,0
231452C,3677,0
231453A,3678,0
231453B,3679,0
23145CL1A,3680,0
23145CL1B,3681,0
23145CL1C,3682,0
23145CL2A,3683,0
23145CL2B,3684,0
23145CL2C,3685,0
23145CL3A,3686,0
23145CL3B,3687,0
23145CL4A,3688,0
23145CL4B,3689,0
23145CL5A,3690,0
23145CL5B,3691,0
23145CL6A,3692,0
23145CL6B,3693,0
23145FIE1,3694,0
23145FIE2,3695,0
23145FIE3,3696,0
231461A,3697,0
231461B,3698,0
231461C,3699,0
231462A,3700,0
231462B,3701,0
231463A,3702,0
231463B,3703,0
23146CL1A,3704,0
23146CL1B,3705,0
23146CL2A,3706,0
23146CL2B,3707,0
23146CL3A,3708,0
23146CL3B,3709,0
23146CL4A,3710,0
23146CL4B,3711,0
23146CL5A,3712,0
23146CL5B,3713,0
23146FIE1,3714,0
23146FIE2,3715,0
23146FIE3,3716,0
231471A,3717,0
231471B,3718,0
231472A,3719,0
231472B,3720,0
23147CL1A,3721,0
23147CL1B,3722,0
23147CL2A,3723,0
23147CL2B,3724,0
231491A,3725,0
231491B,3726,0
231491C,3727,0
231492A,3728,0
231492B,3729,0
231493A,3730,0
231493B,3731,0
23149CL1A,3732,0
23149CL1B,3733,0
23149CL2A,3734,0
23149CL2B,3735,0
23149CL3A,3736,0
23149CL3B,3737,0
23149CL4A,3738,0
23149CL4B,3739,0
23149FIE1,3740,0
23149FIE2,3741,0
23149FIE3,3742,0
23150A,3743,0
23150B,3744,0
231511A,3745,0
231511B,3746,0
231511C,3747,0
231512A,3748,0
231512B,3749,0
23151CL1A,3750,0
23151CL1B,3751,0
23151CL2A,3752,0
23151CL2B,3753,0
23151CL3A,3754,0
23151CL3B,3755,0
23151CL4A,3756,0
23151CL4B,3757,0
23151CL5A,3758,0
23151CL5B,3759,0
23151FIE1,3760,0
23151FIE2,3761,0
23151FIE3,3762,0
231541A,3763,0
231541B,3764,0
231541C,3765,0
231542A,3766,0
231542B,3767,0
23155A,3768,0
23155B,3769,0
23155C,3770,0
23156A,3771,0
23156B,3772,0
23156C,3773,0
23157A,3774,0
23157B,3775,0
23157C,3776,0
231581A,3777,0
231581B,3778,0
231582A,3779,0
231582B,3780,0
23158CL1A,3781,0
23158CL1B,3782,0
23158CL2A,3783,0
23158CL2B,3784,0
23159A,3785,0
23159B,3786,0
23160A,3787,0
23160B,3788,0
231611A,3789,0
231611B,3790,0
231611C,3791,0
231612A,3792,0
231612B,3793,0
23161CL1A,3794,0
23161CL1B,3795,0
23161CL2A,3796,0
23161CL2B,3797,0
23161CL3A,3798,0
23161CL3B,3799,0
23161CL4A,3800,0
23161CL4B,3801,0
23161CLN1A,3802,0
23161CLN1B,3803,0
23161CLN2A,3804,0
23161CLN2B,3805,0
23161FIE1,3806,0
23161FIE2,3807,0
23161FIE3,3808,0
23162A,3809,0
23162B,3810,0
23162C,3811,0
23162D,3812,0
23163A,3813,0
23163B,3814,0
23950,3815,0
23951A,3816,0
23951B,3817,0
23LC10SP2,3818,0
23LC42SP2C,3819,0
23LC42SP2L,3820,0
23LC47SP2C,3821,0
24104A,3822,0
24104B,3823,0
24104C,3824,0
241091A,3825,0
241091B,3826,0
241092A,3827,0
241092B,3828,0
241093A,3829,0
241093B,3830,0
241101A,3831,0
241101B,3832,0
241101C,3833,0
241102A,3834,0
241102B,3835,0
241102C,3836,0
241103A,3837,0
241103B,3838,0
241103C,3839,0
241104A,3840,0
241104B,3841,0
24110CTNA,3842,0
24110CTNB,3843,0
24110FIE1,3844,0
24110FIE2,3845,0
24110FIE3,3846,0
24110FIE4,3847,0
241161A,3848,0
241161B,3849,0
241162A,3850,0
241162B,3851,0
241163A,3852,0
241163B,3853,0
24116FIE1,3854,0
24116FIE2,3855,0
24116FIE3,3856,0
24116FIE4,3857,0
241191A,3858,0
241191B,3859,0
241191C,3860,0
241192A,3861,0
241192B,3862,0
24119FIE1,3863,0
24119FIE2,3864,0
24119FIE3,3865,0
24119FIE4,3866,0
24119FIE5,3867,0
24123A,3868,0
24123B,3869,0
24123C,3870,0
241241A,3871,0
241241B,3872,0
241241C,3873,0
241242A,3874,0
241242B,3875,0
24124FIE1,3876,0
24124FIE2,3877,0
24124FIE3,3878,0
24124FIE4,3879,0
241251A,3880,0
241251B,3881,0
241252A,3882,0
241252B,3883,0
241261A,3884,0
241261B,3885,0
241261C,3886,0
241262A,3887,0
241262B,3888,0
241262C,3889,0
241263A,3890,0
241263B,3891,0
241263C,3892,0
24127A,3893,0
24127B,3894,0
24127C,3895,0
241281A,3896,0
241281B,3897,0
241282A,3898,0
241282B,3899,0
241283A,3900,0
241283B,3901,0
241284A,3902,0
241284B,3903,0
24129A,3904,0
24129B,3905,0
24129C,3906,0
24130A,3907,0
24130B,3908,0
24130C,3909,0
241311A,3910,0
241311B,3911,0
241311C,3912,0
241312A,3913,0
241312B,3914,0
241312C,3915,0
241313A,3916,0
241313B,3917,0
241313C,3918,0
241321A,3919,0
241321B,3920,0
241321C,3921,0
241322A,3922,0
241322B,3923,0
241323A,3924,0
241323B,3925,0
241331A,3926,0
241331B,3927,0
241332A,3928,0
241332B,3929,0
24134A,3930,0
24134B,3931,0
24134C,3932,0
24135A,3933,0
24135B,3934,0
24135C,3935,0
241361A,3936,0
241361B,3937,0
241362A,3938,0
241362B,3939,0
241363A,3940,0
241363B,3941,0
24138A,3942,0
24138B,3943,0
24138C,3944,0
24139A,3945,0
24139B,3946,0
24139C,3947,0
24140A,3948,0
24140B,3949,0
24140C,3950,0
241421A,3951,0
241421B,3952,0
241421C,3953,0
241422A,3954,0
241422B,3955,0
241422C,3956,0
241423A,3957,0
241423B,3958,0
241423C,3959,0
241424A,3960,0
241424B,3961,0
241424C,3962,0
24142FIE1,3963,0
24142FIE2,3964,0
24142FIE3,3965,0
24142FIE4,3966,0
24142FIE5,3967,0
241431A,3968,0
241431B,3969,0
241431C,3970,0
241432A,3971,0
241432B,3972,0
241432C,3973,0
241433A,3974,0
241433B,3975,0
241433C,3976,0
24143CTNA,3977,0
24143CTNB,3978,0
24143FIE1,3979,0
24143FIE2,3980,0
24143FIE3,3981,0
24143FIE4,3982,0
24143FIE5,3983,0
241441A,3984,0
241441B,3985,0
241441C,3986,0
241442A,3987,0
241442B,3988,0
241442C,3989,0
241443A,3990,0
241443B,3991,0
241443C,3992,0
24144FIE1,3993,0
24144FIE2,3994,0
24144FIE3,3995,0
24144FIE4,3996,0
24144FIE5,3997,0
241451A,3998,0
241451B,3999,0
241451C,4000,0
241452A,4001,0
241452B,4002,0
241452C,4003,0
241453A,4004,0
241453B,4005,0
241453C,4006,0
241454A,4007,0
241454B,4008,0
24145CTNA,4009,0
24145CTNB,4010,0
24145FIE1,4011,0
24145FIE2,4012,0
24145FIE3,4013,0
24145FIE4,4014,0
24145FIE5,4015,0
241461A,4016,0
241461B,4017,0
241461C,4018,0
241462A,4019,0
241462B,4020,0
241462C,4021,0
241463A,4022,0
241463B,4023,0
241464A,4024,0
241464B,4025,0
24146FIE1,4026,0
24146FIE2,4027,0
24146FIE3,4028,0
24146FIE4,4029,0
24146FIE5,4030,0
24147A,4031,0
24147B,4032,0
24147C,4033,0
24147D,4034,0
24147E,4035,0
24147FIE1,4036,0
24147FIE2,4037,0
24147FIE3,4038,0
24147FIE4,4039,0
241491A,4040,0
241491B,4041,0
241491C,4042,0
241492A,4043,0
241492B,4044,0
241492C,4045,0
241493A,4046,0
241493B,4047,0
241493C,4048,0
24149FIE1,4049,0
24149FIE2,4050,0
24149FIE3,4051,0
24149FIE4,4052,0
24150A,4053,0
24150B,4054,0
24150C,4055,0
241511A,4056,0
241511B,4057,0
241511C,4058,0
241512A,4059,0
241512B,4060,0
241512C,4061,0
241513A,4062,0
241513B,4063,0
241513C,4064,0
24151FIE1,4065,0
24151FIE2,4066,0
24151FIE3,4067,0
24151FIE4,4068,0
241541A,4069,0
241541B,4070,0
241541C,4071,0
241542A,4072,0
241542B,4073,0
241542C,4074,0
24155A,4075,0
24155B,4076,0
24155C,4077,0
24155D,4078,0
24156A,4079,0
24156B,4080,0
24156C,4081,0
24156D,4082,0
24156E,4083,0
24156F,4084,0
24157A,4085,0
24157B,4086,0
24157C,4087,0
24157D,4088,0
241581A,4089,0
241581B,4090,0
241581C,4091,0
241582A,4092,0
241582B,4093,0
241582C,4094,0
24159A,4095,0
24159B,4096,0
24159C,4097,0
24160A,4098,0
24160B,4099,0
24160C,4100,0
241611A,4101,0
241611B,4102,0
241611C,4103,0
241612A,4104,0
241612B,4105,0
241613A,4106,0
241613B,4107,0
24161CTNA,4108,0
24161CTNB,4109,0
24161FIE1,4110,0
24161FIE2,4111,0
24161FIE3,4112,0
24161FIE4,4113,0
24161FIE5,4114,0
24161FIE6,4115,0
24161TKVM1A,4116,0
24161TKVM1B,4117,0
24161TKVM1C,4118,0
24161TKVM2A,4119,0
24161TKVM2B,4120,0
241621A,4121,0
241621B,4122,0
241621C,4123,0
241622A,4124,0
241622B,4125,0
241622C,4126,0
241631A,4127,0
241631B,4128,0
241632A,4129,0
241632B,4130,0
24164A,4131,0
24164B,4132,0
24950A,4133,0
24950B,4134,0
24951,4135,0
709,4136,0
98032,4137,0
98101,4138,0
981032,4139,0
98105,4140,0
98CKM,4141,0
98TC KĐĐ,4142,0
991011,4143,0
991012,4144,0
991021,4145,0
991022,4146,0
991031,4147,0
991032,4148,0
991041,4149,0
991041B,4150,0
991051,4151,0
991051A,4152,0
991052,4153,0
991052A,4154,0
991071,4155,0
991081,4156,0
991091,4157,0
994011,4158,0
99401CT,4159,0
994041TV,4160,0
99404PY,4161,0
99404TV,4162,0
994051,4163,0
994400PY,4164,0
99NCKM,4165,0
99NCKĐ,4166,0
99NKĐĐ,4167,0
99NĐKC,4168,0
BT98KCN,4169,0
C99CKM,4170,0
CAO HỌC,4171,0
CAO HỌC  2012,4172,0
CAO HỌC 09,4173,0
CAO HỌC 2009,4174,0
CAO HỌC 2012,4175,0
CAO HỌC 2013 A,4176,0
CDT2015A,4177,0
CH 2012,4178,0
CH2010,4179,0
CKD 2014B,4180,0
CKD2015A,4181,0
CKD2015B,4182,0
CKM 2011,4183,0
CKM 2012,4184,0
CKM 2013 B,4185,0
CKM 2014 A,4186,0
CKM 2014B,4187,0
CKM2015A,4188,0
CKM2015B,4189,0
CKO 2012,4190,0
CKĐ 2013 B,4191,0
CLC,4192,0
CNKT MÁY TÍNH,4193,0
CNKT ĐIỆN- DIỆN,4194,0
CĐ,4195,0
CĐT 2014B,4196,0
CĐT2015B,4197,0
CƠ DIỆN TỬ,4198,0
CƠ ĐIỆN TỬ,4199,0
DGH 2014B,4200,0
DH05SP,4201,0
DHC5SP,4202,0
GDH,4203,0
GDH 18A,4204,0
GDH 2011,4205,0
GDH 2012,4206,0
GDH 2013 B,4207,0
GDH 2014 A,4208,0
GDH2015A,4209,0
GDH2015B,4210,0
GIÁO  DỤC HỌC,4211,0
GIÁO DUC HỌC,4212,0
GIÁO DỤC HỌC,4213,0
GV,4214,0
KDD 2014 A,4215,0
KDD 2014B,4216,0
KDD2015A,4217,0
KDD2015B,4218,0
KDT 2011,4219,0
KDT 2012,4220,0
KDT 2014 A,4221,0
KDT 2014B,4222,0
KDT2015A,4223,0
KDT2015B,4224,0
KTCK,4225,0
KTN18B,4226,0
KTN2015A,4227,0
KTN2015B,4228,0
KĐT 2013 B,4229,0
KĐĐ 2013 B,4230,0
KỸ THUẬT ĐIỆN,4231,0
KỸ THUẬT ĐIỆN TỬ,4232,0
LL&PPDH 2012,4233,0
LLP 2013 B,4234,0
N99KĐĐ,4235,0
N99ĐKC,4236,0
NCS 2013,4237,0
NGOẠI NGỮ,4238,0
OB,4239,0
QH09,4240,0
QKT18A,4241,0
SV02893,4242,0
SV2010,4243,0
T07IIA1,4244,0
TBM 2011,4245,0
TBM 2012,4246,0
TC99KDĐ,4247,0
TC99KĐĐ,4248,0
TC9KĐĐ,4249,0
TDH2015B,4250,0
THHU2,4251,0
THUONG MAI DIỆNỬ,4252,0
XD,4253,0
XDC 2013 B,4254,0
XDC 2014 A,4255,0
XDC 2014B,4256,0
XDC2015A,4257,0
XDC2015B,4258,0
XÂY DỰNG,4259,0
ÊN11021,4260,0
ÊN14010A,4261,0
ÊN2D02VD,4262,0
ĐIỆN,4263,0
